country,dose,unicef_region,iso3,vaccine,year,coverage,model,coverage_predicted,intercept,slope
Bangladesh,DTP1,ROSA,BGD,DTP1,2019,99,,99.21856335466312,2.794673238081865,0.10785647840670456
Bangladesh,DTP1,ROSA,BGD,DTP1,2018,99,,99.13034116487216,2.794673238081865,0.10785647840670456
Bangladesh,DTP1,ROSA,BGD,DTP1,2017,99,,99.03225606349712,2.794673238081865,0.10785647840670456
Bangladesh,DTP1,ROSA,BGD,DTP1,2016,99,,98.92322852687569,2.794673238081865,0.10785647840670456
Bangladesh,DTP1,ROSA,BGD,DTP1,2015,99,,98.80206636107816,2.794673238081865,0.10785647840670456
Bangladesh,DTP1,ROSA,BGD,DTP1,2014,99,,98.66745424778499,2.794673238081865,0.10785647840670456
Bangladesh,DTP1,ROSA,BGD,DTP1,2013,98,,98.51794263646146,2.794673238081865,0.10785647840670456
Bangladesh,DTP1,ROSA,BGD,DTP1,2012,97,,98.35193602464824,2.794673238081865,0.10785647840670456
Bangladesh,DTP1,ROSA,BGD,DTP1,2011,99,,98.16768069628057,2.794673238081865,0.10785647840670456
Bangladesh,DTP1,ROSA,BGD,DTP1,2010,98,,97.96325202323322,2.794673238081865,0.10785647840670456
Bangladesh,DTP1,ROSA,BGD,DTP1,2009,99,,97.73654147900224,2.794673238081865,0.10785647840670456
Bangladesh,DTP1,ROSA,BGD,DTP1,2008,99,,97.48524356688463,2.794673238081865,0.10785647840670456
Bangladesh,DTP1,ROSA,BGD,DTP1,2007,98,,97.2068429295355,2.794673238081865,0.10785647840670456
Bangladesh,DTP1,ROSA,BGD,DTP1,2006,97,,96.89860198362662,2.794673238081865,0.10785647840670456
Bangladesh,DTP1,ROSA,BGD,DTP1,2005,97,,96.55754951357426,2.794673238081865,0.10785647840670456
Bangladesh,DTP1,ROSA,BGD,DTP1,2004,99,,96.1804707626477,2.794673238081865,0.10785647840670456
Bangladesh,DTP1,ROSA,BGD,DTP1,2003,93,,95.76389967831389,2.794673238081865,0.10785647840670456
Bangladesh,DTP1,ROSA,BGD,DTP1,2002,95,,95.30411410059855,2.794673238081865,0.10785647840670456
Bangladesh,DTP1,ROSA,BGD,DTP1,2001,94,,94.79713482542851,2.794673238081865,0.10785647840670456
Bangladesh,DTP1,ROSA,BGD,DTP1,2000,92,,94.23872962546031,2.794673238081865,0.10785647840670456
Ethiopia,DTP1,ESAR,ETH,DTP1,2019,76,,80.54765978074326,0.09013040441906213,0.070039540484095
Ethiopia,DTP1,ESAR,ETH,DTP1,2018,77,,79.42672725579465,0.09013040441906213,0.070039540484095
Ethiopia,DTP1,ESAR,ETH,DTP1,2017,76,,78.25863644775485,0.09013040441906213,0.070039540484095
Ethiopia,DTP1,ESAR,ETH,DTP1,2016,75,,77.04339344877542,0.09013040441906213,0.070039540484095
Ethiopia,DTP1,ESAR,ETH,DTP1,2015,74,,75.78124518524373,0.09013040441906213,0.070039540484095
Ethiopia,DTP1,ESAR,ETH,DTP1,2014,73,,74.47269664741984,0.09013040441906213,0.070039540484095
Ethiopia,DTP1,ESAR,ETH,DTP1,2013,67,,73.11852625304152,0.09013040441906213,0.070039540484095
Ethiopia,DTP1,ESAR,ETH,DTP1,2012,74,,71.71979884910441,0.09013040441906213,0.070039540484095
Ethiopia,DTP1,ESAR,ETH,DTP1,2011,80,,70.27787585738986,0.09013040441906213,0.070039540484095
Ethiopia,DTP1,ESAR,ETH,DTP1,2010,77,,68.79442208750287,0.09013040441906213,0.070039540484095
Ethiopia,DTP1,ESAR,ETH,DTP1,2009,74,,67.27140877785132,0.09013040441906213,0.070039540484095
Ethiopia,DTP1,ESAR,ETH,DTP1,2008,71,,65.71111248108943,0.09013040441906213,0.070039540484095
Ethiopia,DTP1,ESAR,ETH,DTP1,2007,67,,64.11610948611784,0.09013040441906213,0.070039540484095
Ethiopia,DTP1,ESAR,ETH,DTP1,2006,64,,62.48926556280493,0.09013040441906213,0.070039540484095
Ethiopia,DTP1,ESAR,ETH,DTP1,2005,61,,60.83372092607758,0.09013040441906213,0.070039540484095
Ethiopia,DTP1,ESAR,ETH,DTP1,2004,58,,59.15287043970475,0.09013040441906213,0.070039540484095
Ethiopia,DTP1,ESAR,ETH,DTP1,2003,55,,57.45033921269078,0.09013040441906213,0.070039540484095
Ethiopia,DTP1,ESAR,ETH,DTP1,2002,52,,55.72995387753616,0.09013040441906213,0.070039540484095
Ethiopia,DTP1,ESAR,ETH,DTP1,2001,50,,53.99570997390124,0.09013040441906213,0.070039540484095
Ethiopia,DTP1,ESAR,ETH,DTP1,2000,47,,52.25173598729068,0.09013040441906213,0.070039540484095
India,DTP1,ROSA,IND,DTP1,2019,94,,93.24625105006635,0.9428921964333284,0.08853967933520318
India,DTP1,ROSA,IND,DTP1,2018,93,,92.66685533715122,0.9428921964333284,0.08853967933520318
India,DTP1,ROSA,IND,DTP1,2017,92,,92.04199606313782,0.9428921964333284,0.08853967933520318
India,DTP1,ROSA,IND,DTP1,2016,91,,91.3688516352333,0.9428921964333284,0.08853967933520318
India,DTP1,ROSA,IND,DTP1,2015,90,,90.64455537307204,0.9428921964333284,0.08853967933520318
India,DTP1,ROSA,IND,DTP1,2014,90,,89.86621986171144,0.9428921964333284,0.08853967933520318
India,DTP1,ROSA,IND,DTP1,2013,90,,89.03096598103389,0.9428921964333284,0.08853967933520318
India,DTP1,ROSA,IND,DTP1,2012,89,,88.135956890620193,0.9428921964333284,0.08853967933520318
India,DTP1,ROSA,IND,DTP1,2011,89,,87.1784371546176,0.9428921964333284,0.08853967933520318
India,DTP1,ROSA,IND,DTP1,2010,86,,86.15577706329222,0.9428921964333284,0.08853967933520318
India,DTP1,ROSA,IND,DTP1,2009,84,,85.06552204385407,0.9428921964333284,0.08853967933520318
India,DTP1,ROSA,IND,DTP1,2008,81,,83.90544685128182,0.9428921964333284,0.08853967933520318
India,DTP1,ROSA,IND,DTP1,2007,81,,82.67361399094165,0.9428921964333284,0.08853967933520318
India,DTP1,ROSA,IND,DTP1,2006,81,,81.36843555233246,0.9428921964333284,0.08853967933520318
India,DTP1,ROSA,IND,DTP1,2005,82,,79.98873733440499,0.9428921964333284,0.08853967933520318
India,DTP1,ROSA,IND,DTP1,2004,77,,78.53382382879968,0.9428921964333284,0.08853967933520318
India,DTP1,ROSA,IND,DTP1,2003,76,,77.00354231366607,0.9428921964333284,0.08853967933520318
India,DTP1,ROSA,IND,DTP1,2002,75,,75.39834401746464,0.9428921964333284,0.08853967933520318
India,DTP1,ROSA,IND,DTP1,2001,75,,73.71934006311345,0.9428921964333284,0.08853967933520318
India,DTP1,ROSA,IND,DTP1,2000,74,,71.96834972444697,0.9428921964333284,0.08853967933520318
Indonesia,DTP1,EAPR,IDN,DTP1,2019,90,,92.36379544806444,1.524614900038048,0.05095892022778877
Indonesia,DTP1,EAPR,IDN,DTP1,2018,90,,91.99652854824903,1.524614900038048,0.05095892022778877
Indonesia,DTP1,EAPR,IDN,DTP1,2017,90,,91.61320168342031,1.524614900038048,0.05095892022778877
Indonesia,DTP1,EAPR,IDN,DTP1,2016,90,,91.2132688910279,1.524614900038048,0.05095892022778877
Indonesia,DTP1,EAPR,IDN,DTP1,2015,90,,90.7961808731483,1.524614900038048,0.05095892022778877
Indonesia,DTP1,EAPR,IDN,DTP1,2014,93,,90.36138665715212,1.524614900038048,0.05095892022778877
Indonesia,DTP1,EAPR,IDN,DTP1,2013,97,,89.9083354292633,1.524614900038048,0.05095892022778877
Indonesia,DTP1,EAPR,IDN,DTP1,2012,90,,89.43647854695539,1.524614900038048,0.05095892022778877
Indonesia,DTP1,EAPR,IDN,DTP1,2011,88,,88.94527173507696,1.524614900038048,0.05095892022778877
Indonesia,DTP1,EAPR,IDN,DTP1,2010,89,,88.43417746932687,1.524614900038048,0.05095892022778877
Indonesia,DTP1,EAPR,IDN,DTP1,2009,88,,87.90266754919051,1.524614900038048,0.05095892022778877
Indonesia,DTP1,EAPR,IDN,DTP1,2008,88,,87.35022586069128,1.524614900038048,0.05095892022778877
Indonesia,DTP1,EAPR,IDN,DTP1,2007,85,,86.77635132729408,1.524614900038048,0.05095892022778877
Indonesia,DTP1,EAPR,IDN,DTP1,2006,86,,86.18056104501714,1.524614900038048,0.05095892022778877
Indonesia,DTP1,EAPR,IDN,DTP1,2005,85,,85.56239359526072,1.524614900038048,0.05095892022778877
Indonesia,DTP1,EAPR,IDN,DTP1,2004,84,,84.92141252605253,1.524614900038048,0.05095892022778877
Indonesia,DTP1,EAPR,IDN,DTP1,2003,84,,84.25720998935131,1.524614900038048,0.05095892022778877
Indonesia,DTP1,EAPR,IDN,DTP1,2002,83,,83.56941051875864,1.524614900038048,0.05095892022778877
Indonesia,DTP1,EAPR,IDN,DTP1,2001,82,,82.85767492849527,1.524614900038048,0.05095892022778877
Indonesia,DTP1,EAPR,IDN,DTP1,2000,84,,82.12170431083537,1.524614900038048,0.05095892022778877
Nigeria,DTP1,WCAR,NGA,DTP1,2019,72,,65.21739267611068,-0.2783176122767962,0.04773296485110788
Nigeria,DTP1,WCAR,NGA,DTP1,2018,69,,64.12688926541496,-0.2783176122767962,0.04773296485110788
Nigeria,DTP1,WCAR,NGA,DTP1,2017,65,,63.02158191142016,-0.2783176122767962,0.04773296485110788
Nigeria,DTP1,WCAR,NGA,DTP1,2016,62,,61.90245099212769,-0.2783176122767962,0.04773296485110788
Nigeria,DTP1,WCAR,NGA,DTP1,2015,49,,60.77053340990941,-0.2783176122767962,0.04773296485110788
Nigeria,DTP1,WCAR,NGA,DTP1,2014,48,,59.62691932410367,-0.2783176122767962,0.04773296485110788
Nigeria,DTP1,WCAR,NGA,DTP1,2013,49,,58.47274842888628,-0.2783176122767962,0.04773296485110788
Nigeria,DTP1,WCAR,NGA,DTP1,2012,51,,57.30920579803406,-0.2783176122767962,0.04773296485110788
Nigeria,DTP1,WCAR,NGA,DTP1,2011,56,,56.13751732448973,-0.2783176122767962,0.04773296485110788
Nigeria,DTP1,WCAR,NGA,DTP1,2010,60,,54.95894478869242,-0.2783176122767962,0.04773296485110788
Nigeria,DTP1,WCAR,NGA,DTP1,2009,73,,53.77478059532218,-0.2783176122767962,0.04773296485110788
Nigeria,DTP1,WCAR,NGA,DTP1,2008,63,,52.58634222329079,-0.2783176122767962,0.04773296485110788
Nigeria,DTP1,WCAR,NGA,DTP1,2007,52,,51.39496643837208,-0.2783176122767962,0.04773296485110788
Nigeria,DTP1,WCAR,NGA,DTP1,2006,49,,50.20200332169357,-0.2783176122767962,0.04773296485110788
Nigeria,DTP1,WCAR,NGA,DTP1,2005,48,,49.00881017031384,-0.2783176122767962,0.04773296485110788
Nigeria,DTP1,WCAR,NGA,DTP1,2004,46,,47.81674532821237,-0.2783176122767962,0.04773296485110788
Nigeria,DTP1,WCAR,NGA,DTP1,2003,45,,46.627162007167605,-0.2783176122767962,0.04773296485110788
Nigeria,DTP1,WCAR,NGA,DTP1,2002,43,,45.44140215716671,-0.2783176122767962,0.04773296485110788
Nigeria,DTP1,WCAR,NGA,DTP1,2001,42,,44.26079044517113,-0.2783176122767962,0.04773296485110788
Nigeria,DTP1,WCAR,NGA,DTP1,2000,42,,43.086628399278354,-0.2783176122767962,0.04773296485110788
Pakistan,DTP1,ROSA,PAK,DTP1,2019,90,,83.69716668512737,0.6901888922359635,0.049772490428744494
Pakistan,DTP1,ROSA,PAK,DTP1,2018,87,,83.00658068407755,0.6901888922359635,0.049772490428744494
Pakistan,DTP1,ROSA,PAK,DTP1,2017,83,,82.2929303732029,0.6901888922359635,0.049772490428744494
Pakistan,DTP1,ROSA,PAK,DTP1,2016,82,,81.55596920238656,0.6901888922359635,0.049772490428744494
Pakistan,DTP1,ROSA,PAK,DTP1,2015,82,,80.79549386067538,0.6901888922359635,0.049772490428744494
Pakistan,DTP1,ROSA,PAK,DTP1,2014,80,,80.0113479383616,0.6901888922359635,0.049772490428744494
Pakistan,DTP1,ROSA,PAK,DTP1,2013,78,,79.20342557093892,0.6901888922359635,0.049772490428744494
Pakistan,DTP1,ROSA,PAK,DTP1,2012,78,,78.37167503041114,0.6901888922359635,0.049772490428744494
Pakistan,DTP1,ROSA,PAK,DTP1,2011,77,,77.5161022266046,0.6901888922359635,0.049772490428744494
Pakistan,DTP1,ROSA,PAK,DTP1,2010,67,,76.63677407858204,0.6901888922359635,0.049772490428744494
Pakistan,DTP1,ROSA,PAK,DTP1,2009,67,,75.7338217140602,0.6901888922359635,0.049772490428744494
Pakistan,DTP1,ROSA,PAK,DTP1,2008,69,,74.80744345298461,0.6901888922359635,0.049772490428744494
Pakistan,DTP1,ROSA,PAK,DTP1,2007,70,,73.85790753019894,0.6901888922359635,0.049772490428744494
Pakistan,DTP1,ROSA,PAK,DTP1,2006,72,,72.88555451154991,0.6901888922359635,0.049772490428744494
Pakistan,DTP1,ROSA,PAK,DTP1,2005,73,,71.89079935787238,0.6901888922359635,0.049772490428744494
Pakistan,DTP1,ROSA,PAK,DTP1,2004,75,,70.87413309217426,0.6901888922359635,0.049772490428744494
Pakistan,DTP1,ROSA,PAK,DTP1,2003,74,,69.8361240270488,0.6901888922359635,0.049772490428744494
Pakistan,DTP1,ROSA,PAK,DTP1,2002,72,,68.77741851192795,0.6901888922359635,0.049772490428744494
Pakistan,DTP1,ROSA,PAK,DTP1,2001,71,,67.69874116328319,0.6901888922359635,0.049772490428744494
Pakistan,DTP1,ROSA,PAK,DTP1,2000,69,,66.60089454528418,0.6901888922359635,0.049772490428744494
Philippines,DTP1,EAPR,PHL,DTP1,2019,87,,87.3059200793053,2.3152703093240476,-0.020367777501801954
Philippines,DTP1,EAPR,PHL,DTP1,2018,87,,87.52993977356593,2.3152703093240476,-0.020367777501801954
Philippines,DTP1,EAPR,PHL,DTP1,2017,87,,87.75056074556358,2.3152703093240476,-0.020367777501801954
Philippines,DTP1,EAPR,PHL,DTP1,2016,87,,87.96781503287778,2.3152703093240476,-0.020367777501801954
Philippines,DTP1,EAPR,PHL,DTP1,2015,82,,88.18173507807154,2.3152703093240476,-0.020367777501801954
Philippines,DTP1,EAPR,PHL,DTP1,2014,86,,88.39235369748619,2.3152703093240476,-0.020367777501801954
Philippines,DTP1,EAPR,PHL,DTP1,2013,90,,88.59970405079206,2.3152703093240476,-0.020367777501801954
Philippines,DTP1,EAPR,PHL,DTP1,2012,94,,88.80381961130178,2.3152703093240476,-0.020367777501801954
Philippines,DTP1,EAPR,PHL,DTP1,2011,93,,89.00473413705177,2.3152703093240476,-0.020367777501801954
Philippines,DTP1,EAPR,PHL,DTP1,2010,92,,89.20248164265557,2.3152703093240476,-0.020367777501801954
Philippines,DTP1,EAPR,PHL,DTP1,2009,92,,89.39709637193228,2.3152703093240476,-0.020367777501801954
Philippines,DTP1,EAPR,PHL,DTP1,2008,91,,89.58861277131035,2.3152703093240476,-0.020367777501801954
Philippines,DTP1,EAPR,PHL,DTP1,2007,90,,89.77706546400735,2.3152703093240476,-0.020367777501801954
Philippines,DTP1,EAPR,PHL,DTP1,2006,90,,89.96248922498394,2.3152703093240476,-0.020367777501801954
Philippines,DTP1,EAPR,PHL,DTP1,2005,91,,90.14491895666987,2.3152703093240476,-0.020367777501801954
Philippines,DTP1,EAPR,PHL,DTP1,2004,92,,90.32438966545804,2.3152703093240476,-0.020367777501801954
Philippines,DTP1,EAPR,PHL,DTP1,2003,86,,90.50093643896233,2.3152703093240476,-0.020367777501801954
Philippines,DTP1,EAPR,PHL,DTP1,2002,84,,90.6745944240336,2.3152703093240476,-0.020367777501801954
Philippines,DTP1,EAPR,PHL,DTP1,2001,92,,90.84539880552705,2.3152703093240476,-0.020367777501801954
Philippines,DTP1,EAPR,PHL,DTP1,2000,92,,91.01338478581418,2.3152703093240476,-0.020367777501801954
Bangladesh,DTP3,ROSA,BGD,DTP3,2019,98,,97.9659127987301,1.8807001970234831,0.10494064337025286
Bangladesh,DTP3,ROSA,BGD,DTP3,2018,98,,97.74592490507075,1.8807001970234831,0.10494064337025286
Bangladesh,DTP3,ROSA,BGD,DTP3,2017,98,,97.50275165088638,1.8807001970234831,0.10494064337025286
Bangladesh,DTP3,ROSA,BGD,DTP3,2016,98,,97.23408681454764,1.8807001970234831,0.10494064337025286
Bangladesh,DTP3,ROSA,BGD,DTP3,2015,98,,96.93742572943572,1.8807001970234831,0.10494064337025286
Bangladesh,DTP3,ROSA,BGD,DTP3,2014,97,,96.61005525037743,1.8807001970234831,0.10494064337025286
Bangladesh,DTP3,ROSA,BGD,DTP3,2013,96,,96.24904494231875,1.8807001970234831,0.10494064337025286
Bangladesh,DTP3,ROSA,BGD,DTP3,2012,94,,95.85124002223621,1.8807001970234831,0.10494064337025286
Bangladesh,DTP3,ROSA,BGD,DTP3,2011,96,,95.41325669003416,1.8807001970234831,0.10494064337025286
Bangladesh,DTP3,ROSA,BGD,DTP3,2010,94,,94.9314805980456,1.8807001970234831,0.10494064337025286
Bangladesh,DTP3,ROSA,BGD,DTP3,2009,97,,94.40206932900762,1.8807001970234831,0.10494064337025286
Bangladesh,DTP3,ROSA,BGD,DTP3,2008,96,,93.82095987463481,1.8807001970234831,0.10494064337025286
Bangladesh,DTP3,ROSA,BGD,DTP3,2007,94,,93.1838822247006,1.8807001970234831,0.10494064337025286
Bangladesh,DTP3,ROSA,BGD,DTP3,2006,94,,92.48638028087512,1.8807001970234831,0.10494064337025286
Bangladesh,DTP3,ROSA,BGD,DTP3,2005,93,,91.72384138857362,1.8807001970234831,0.10494064337025286
Bangladesh,DTP3,ROSA,BGD,DTP3,2004,99,,90.89153581866434,1.8807001970234831,0.10494064337025286
Bangladesh,DTP3,ROSA,BGD,DTP3,2003,87,,89.98466751076568,1.8807001970234831,0.10494064337025286
Bangladesh,DTP3,ROSA,BGD,DTP3,2002,83,,88.99843728979381,1.8807001970234831,0.10494064337025286
Bangladesh,DTP3,ROSA,BGD,DTP3,2001,85,,87.92811956409516,1.8807001970234831,0.10494064337025286
Bangladesh,DTP3,ROSA,BGD,DTP3,2000,82,,86.76915318306054,1.8807001970234831,0.10494064337025286
Ethiopia,DTP3,ESAR,ETH,DTP3,2019,68,,72.47393377599968,-0.6861379030443039,0.08706481303724369
Ethiopia,DTP3,ESAR,ETH,DTP3,2018,67,,70.70353541952902,-0.6861379030443039,0.08706481303724369
Ethiopia,DTP3,ESAR,ETH,DTP3,2017,68,,68.86818264205155,-0.6861379030443039,0.08706481303724369
Ethiopia,DTP3,ESAR,ETH,DTP3,2016,66,,66.97156137993355,-0.6861379030443039,0.08706481303724369
Ethiopia,DTP3,ESAR,ETH,DTP3,2015,63,,65.0180860055228,-0.6861379030443039,0.08706481303724369
Ethiopia,DTP3,ESAR,ETH,DTP3,2014,61,,63.01288171232723,-0.6861379030443039,0.08706481303724369
Ethiopia,DTP3,ESAR,ETH,DTP3,2013,59,,60.9617495917373,-0.6861379030443039,0.08706481303724369
Ethiopia,DTP3,ESAR,ETH,DTP3,2012,62,,58.87111410928129,-0.6861379030443039,0.08706481303724369
Ethiopia,DTP3,ESAR,ETH,DTP3,2011,65,,56.74795341423159,-0.6861379030443039,0.08706481303724369
Ethiopia,DTP3,ESAR,ETH,DTP3,2010,61,,54.59971368452171,-0.6861379030443039,0.08706481303724369
Ethiopia,DTP3,ESAR,ETH,DTP3,2009,58,,52.4342094703106,-0.6861379030443039,0.08706481303724369
Ethiopia,DTP3,ESAR,ETH,DTP3,2008,54,,50.259512700988694,-0.6861379030443039,0.08706481303724369
Ethiopia,DTP3,ESAR,ETH,DTP3,2007,50,,48.08383360970949,-0.6861379030443039,0.08706481303724369
Ethiopia,DTP3,ESAR,ETH,DTP3,2006,46,,45.91539726066966,-0.6861379030443039,0.08706481303724369
Ethiopia,DTP3,ESAR,ETH,DTP3,2005,44,,43.762319602621524,-0.6861379030443039,0.08706481303724369
Ethiopia,DTP3,ESAR,ETH,DTP3,2004,40,,41.632486997924794,-0.6861379030443039,0.08706481303724369
Ethiopia,DTP3,ESAR,ETH,DTP3,2003,37,,39.53344298769498,-0.6861379030443039,0.08706481303724369
Ethiopia,DTP3,ESAR,ETH,DTP3,2002,35,,37.47228566582136,-0.6861379030443039,0.08706481303724369
Ethiopia,DTP3,ESAR,ETH,DTP3,2001,32,,35.45557847921949,-0.6861379030443039,0.08706481303724369
Ethiopia,DTP3,ESAR,ETH,DTP3,2000,30,,33.489276592376235,-0.6861379030443039,0.08706481303724369
India,DTP3,ROSA,IND,DTP3,2019,91,,90.44012370604001,0.11717445424219555,0.11210204073546362
India,DTP3,ROSA,IND,DTP3,2018,90,,89.42597993129972,0.11717445424219555,0.11210204073546362
India,DTP3,ROSA,IND,DTP3,2017,89,,88.31814862020163,0.11717445424219555,0.11210204073546362
India,DTP3,ROSA,IND,DTP3,2016,88,,87.11097948611476,0.11717445424219555,0.11210204073546362
India,DTP3,ROSA,IND,DTP3,2015,87,,85.7991230431466,0.11717445424219555,0.11210204073546362
India,DTP3,ROSA,IND,DTP3,2014,85,,84.37769020001907,0.11717445424219555,0.11210204073546362
India,DTP3,ROSA,IND,DTP3,2013,83,,82.842431274854,0.11717445424219555,0.11210204073546362
India,DTP3,ROSA,IND,DTP3,2012,82,,81.18993126908897,0.11717445424219555,0.11210204073546362
India,DTP3,ROSA,IND,DTP3,2011,82,,79.417816385797,0.11717445424219555,0.11210204073546362
India,DTP3,ROSA,IND,DTP3,2010,79,,77.52496475118926,0.11717445424219555,0.11210204073546362
India,DTP3,ROSA,IND,DTP3,2009,74,,75.51171224493427,0.11717445424219555,0.11210204073546362
India,DTP3,ROSA,IND,DTP3,2008,70,,73.38004246960136,0.11717445424219555,0.11210204073546362
India,DTP3,ROSA,IND,DTP3,2007,64,,71.13374844518209,0.11717445424219555,0.11210204073546362
India,DTP3,ROSA,IND,DTP3,2006,65,,68.77855288130247,0.11717445424219555,0.11210204073546362
India,DTP3,ROSA,IND,DTP3,2005,65,,66.32217412884536,0.11717445424219555,0.11210204073546362
India,DTP3,ROSA,IND,DTP3,2004,63,,63.77432636006344,0.11717445424219555,0.11210204073546362
India,DTP3,ROSA,IND,DTP3,2003,61,,61.14664527981133,0.11717445424219555,0.11210204073546362
India,DTP3,ROSA,IND,DTP3,2002,59,,58.452534682912294,0.11717445424219555,0.11210204073546362
India,DTP3,ROSA,IND,DTP3,2001,59,,55.70693421121342,0.11717445424219555,0.11210204073546362
India,DTP3,ROSA,IND,DTP3,2000,58,,52.92601430975817,0.11717445424219555,0.11210204073546362
Indonesia,DTP3,EAPR,IDN,DTP3,2019,85,,87.41169358868589,0.8236222228022302,0.05864413286231318
Indonesia,DTP3,EAPR,IDN,DTP3,2018,85,,86.75211192498422,0.8236222228022302,0.05864413286231318
Indonesia,DTP3,EAPR,IDN,DTP3,2017,85,,86.06348060944026,0.8236222228022302,0.05864413286231318
Indonesia,DTP3,EAPR,IDN,DTP3,2016,84,,85.34510077793415,0.8236222228022302,0.05864413286231318
Indonesia,DTP3,EAPR,IDN,DTP3,2015,84,,84.59631857702999,0.8236222228022302,0.05864413286231318
Indonesia,DTP3,EAPR,IDN,DTP3,2014,88,,83.81653258272918,0.8236222228022302,0.05864413286231318
Indonesia,DTP3,EAPR,IDN,DTP3,2013,92,,83.00520153038603,0.8236222228022302,0.05864413286231318
Indonesia,DTP3,EAPR,IDN,DTP3,2012,87,,82.1618523005235,0.8236222228022302,0.05864413286231318
Indonesia,DTP3,EAPR,IDN,DTP3,2011,81,,81.28608809383373,0.8236222228022302,0.05864413286231318
Indonesia,DTP3,EAPR,IDN,DTP3,2010,81,,80.37759671688146,0.8236222228022302,0.05864413286231318
Indonesia,DTP3,EAPR,IDN,DTP3,2009,78,,79.43615888820857,0.8236222228022302,0.05864413286231318
Indonesia,DTP3,EAPR,IDN,DTP3,2008,77,,78.46165646297143,0.8236222228022302,0.05864413286231318
Indonesia,DTP3,EAPR,IDN,DTP3,2007,73,,77.45408046328633,0.8236222228022302,0.05864413286231318
Indonesia,DTP3,EAPR,IDN,DTP3,2006,72,,76.41353879150354,0.8236222228022302,0.05864413286231318
Indonesia,DTP3,EAPR,IDN,DTP3,2005,72,,75.34026349510769,0.8236222228022302,0.05864413286231318
Indonesia,DTP3,EAPR,IDN,DTP3,2004,71,,74.23461744529344,0.8236222228022302,0.05864413286231318
Indonesia,DTP3,EAPR,IDN,DTP3,2003,71,,73.09710028694583,0.8236222228022302,0.05864413286231318
Indonesia,DTP3,EAPR,IDN,DTP3,2002,70,,71.92835351619858,0.8236222228022302,0.05864413286231318
Indonesia,DTP3,EAPR,IDN,DTP3,2001,76,,70.72916454335683,0.8236222228022302,0.05864413286231318
Indonesia,DTP3,EAPR,IDN,DTP3,2000,75,,69.50046960409749,0.8236222228022302,0.05864413286231318
Nigeria,DTP3,WCAR,NGA,DTP3,2019,66,,59.96242043628969,-0.8819989562407039,0.06767886810599097
Nigeria,DTP3,WCAR,NGA,DTP3,2018,61,,58.32721873060126,-0.8819989562407039,0.06767886810599097
Nigeria,DTP3,WCAR,NGA,DTP3,2017,55,,56.67348844111988,-0.8819989562407039,0.06767886810599097
Nigeria,DTP3,WCAR,NGA,DTP3,2016,53,,55.004757844580176,-0.8819989562407039,0.06767886810599097
Nigeria,DTP3,WCAR,NGA,DTP3,2015,42,,53.32468864337112,-0.8819989562407039,0.06767886810599097
Nigeria,DTP3,WCAR,NGA,DTP3,2014,43,,51.63704460250356,-0.8819989562407039,0.06767886810599097
Nigeria,DTP3,WCAR,NGA,DTP3,2013,43,,49.945658249825826,-0.8819989562407039,0.06767886810599097
Nigeria,DTP3,WCAR,NGA,DTP3,2012,42,,48.254396256323304,-0.8819989562407039,0.06767886810599097
Nigeria,DTP3,WCAR,NGA,DTP3,2011,48,,46.56712415656658,-0.8819989562407039,0.06767886810599097
Nigeria,DTP3,WCAR,NGA,DTP3,2010,54,,44.887671091169494,-0.8819989562407039,0.06767886810599097
Nigeria,DTP3,WCAR,NGA,DTP3,2009,63,,43.21979525238935,-0.8819989562407039,0.06767886810599097
Nigeria,DTP3,WCAR,NGA,DTP3,2008,53,,41.56715069078342,-0.8819989562407039,0.06767886810599097
Nigeria,DTP3,WCAR,NGA,DTP3,2007,42,,39.9332560962938,-0.8819989562407039,0.06767886810599097
Nigeria,DTP3,WCAR,NGA,DTP3,2006,40,,38.32146610347936,-0.8819989562407039,0.06767886810599097
Nigeria,DTP3,WCAR,NGA,DTP3,2005,36,,36.73494559095114,-0.8819989562407039,0.06767886810599097
Nigeria,DTP3,WCAR,NGA,DTP3,2004,33,,35.17664735318128,-0.8819989562407039,0.06767886810599097
Nigeria,DTP3,WCAR,NGA,DTP3,2003,29,,33.64929342295529,-0.8819989562407039,0.06767886810599097
Nigeria,DTP3,WCAR,NGA,DTP3,2002,25,,32.15536021919934,-0.8819989562407039,0.06767886810599097
Nigeria,DTP3,WCAR,NGA,DTP3,2001,27,,30.697067592011784,-0.8819989562407039,0.06767886810599097
Nigeria,DTP3,WCAR,NGA,DTP3,2000,29,,29.276371738401814,-0.8819989562407039,0.06767886810599097
Pakistan,DTP3,ROSA,PAK,DTP3,2019,84,,73.89144712771291,0.20312239120260803,0.04406377565234642
Pakistan,DTP3,ROSA,PAK,DTP3,2018,80,,73.03246538908573,0.20312239120260803,0.04406377565234642
Pakistan,DTP3,ROSA,PAK,DTP3,2017,75,,72.15587219527417,0.20312239120260803,0.04406377565234642
Pakistan,DTP3,ROSA,PAK,DTP3,2016,75,,71.26199722356351,0.20312239120260803,0.04406377565234642
Pakistan,DTP3,ROSA,PAK,DTP3,2015,72,,70.3512174678301,0.20312239120260803,0.04406377565234642
Pakistan,DTP3,ROSA,PAK,DTP3,2014,69,,69.42395773213734,0.20312239120260803,0.04406377565234642
Pakistan,DTP3,ROSA,PAK,DTP3,2013,65,,68.48069088179588,0.20312239120260803,0.04406377565234642
Pakistan,DTP3,ROSA,PAK,DTP3,2012,64,,67.52193783714824,0.20312239120260803,0.04406377565234642
Pakistan,DTP3,ROSA,PAK,DTP3,2011,63,,66.54826729717452,0.20312239120260803,0.04406377565234642
Pakistan,DTP3,ROSA,PAK,DTP3,2010,52,,65.56029518214534,0.20312239120260803,0.04406377565234642
Pakistan,DTP3,ROSA,PAK,DTP3,2009,52,,64.55868378695746,0.20312239120260803,0.04406377565234642
Pakistan,DTP3,ROSA,PAK,DTP3,2008,53,,63.54414063945346,0.20312239120260803,0.04406377565234642
Pakistan,DTP3,ROSA,PAK,DTP3,2007,54,,62.51741706091869,0.20312239120260803,0.04406377565234642
Pakistan,DTP3,ROSA,PAK,DTP3,2006,59,,61.479306429032235,0.20312239120260803,0.04406377565234642
Pakistan,DTP3,ROSA,PAK,DTP3,2005,63,,60.430642146778354,0.20312239120260803,0.04406377565234642
Pakistan,DTP3,ROSA,PAK,DTP3,2004,68,,59.372295324154436,0.20312239120260803,0.04406377565234642
Pakistan,DTP3,ROSA,PAK,DTP3,2003,66,,58.305172182885634,0.20312239120260803,0.04406377565234642
Pakistan,DTP3,ROSA,PAK,DTP3,2002,63,,57.23021119772018,0.20312239120260803,0.04406377565234642
Pakistan,DTP3,ROSA,PAK,DTP3,2001,61,,56.14837999116996,0.20312239120260803,0.04406377565234642
Pakistan,DTP3,ROSA,PAK,DTP3,2000,59,,55.06067200172124,0.20312239120260803,0.04406377565234642
Philippines,DTP3,EAPR,PHL,DTP3,2019,84,,84.29008438241166,1.6799755211544378,-1.7721303045217418e-7
Philippines,DTP3,EAPR,PHL,DTP3,2018,84,,84.29008672904894,1.6799755211544378,-1.7721303045217418e-7
Philippines,DTP3,EAPR,PHL,DTP3,2017,84,,84.29008907568594,1.6799755211544378,-1.7721303045217418e-7
Philippines,DTP3,EAPR,PHL,DTP3,2016,84,,84.29009142232266,1.6799755211544378,-1.7721303045217418e-7
Philippines,DTP3,EAPR,PHL,DTP3,2015,74,,84.29009376895908,1.6799755211544378,-1.7721303045217418e-7
Philippines,DTP3,EAPR,PHL,DTP3,2014,79,,84.29009611559523,1.6799755211544378,-1.7721303045217418e-7
Philippines,DTP3,EAPR,PHL,DTP3,2013,84,,84.29009846223109,1.6799755211544378,-1.7721303045217418e-7
Philippines,DTP3,EAPR,PHL,DTP3,2012,89,,84.29010080886667,1.6799755211544378,-1.7721303045217418e-7
Philippines,DTP3,EAPR,PHL,DTP3,2011,89,,84.29010315550197,1.6799755211544378,-1.7721303045217418e-7
Philippines,DTP3,EAPR,PHL,DTP3,2010,88,,84.29010550213695,1.6799755211544378,-1.7721303045217418e-7
Philippines,DTP3,EAPR,PHL,DTP3,2009,88,,84.29010784877168,1.6799755211544378,-1.7721303045217418e-7
Philippines,DTP3,EAPR,PHL,DTP3,2008,87,,84.29011019540611,1.6799755211544378,-1.7721303045217418e-7
Philippines,DTP3,EAPR,PHL,DTP3,2007,87,,84.29011254204026,1.6799755211544378,-1.7721303045217418e-7
Philippines,DTP3,EAPR,PHL,DTP3,2006,88,,84.29011488867413,1.6799755211544378,-1.7721303045217418e-7
Philippines,DTP3,EAPR,PHL,DTP3,2005,89,,84.2901172353077,1.6799755211544378,-1.7721303045217418e-7
Philippines,DTP3,EAPR,PHL,DTP3,2004,88,,84.29011958194098,1.6799755211544378,-1.7721303045217418e-7
Philippines,DTP3,EAPR,PHL,DTP3,2003,84,,84.290121928574,1.6799755211544378,-1.7721303045217418e-7
Philippines,DTP3,EAPR,PHL,DTP3,2002,79,,84.29012427520672,1.6799755211544378,-1.7721303045217418e-7
Philippines,DTP3,EAPR,PHL,DTP3,2001,79,,84.29012662183916,1.6799755211544378,-1.7721303045217418e-7
Philippines,DTP3,EAPR,PHL,DTP3,2000,78,,84.29012896847131,1.6799755211544378,-1.7721303045217418e-7
Bangladesh,measles1,ROSA,BGD,measles1,2019,97,,97.08124360660446,0.9795642714205707,0.1328855940309468
Bangladesh,measles1,ROSA,BGD,measles1,2018,97,,96.68020282319937,0.9795642714205707,0.1328855940309468
Bangladesh,measles1,ROSA,BGD,measles1,2017,97,,96.22620054998933,0.9795642714205707,0.1328855940309468
Bangladesh,measles1,ROSA,BGD,measles1,2016,97,,95.71286390708609,0.9795642714205707,0.1328855940309468
Bangladesh,measles1,ROSA,BGD,measles1,2015,97,,95.13323150195839,0.9795642714205707,0.1328855940309468
Bangladesh,measles1,ROSA,BGD,measles1,2014,94,,94.47975110125348,0.9795642714205707,0.1328855940309468
Bangladesh,measles1,ROSA,BGD,measles1,2013,91,,93.74429518506219,0.9795642714205707,0.1328855940309468
Bangladesh,measles1,ROSA,BGD,measles1,2012,88,,92.91819984378849,0.9795642714205707,0.1328855940309468
Bangladesh,measles1,ROSA,BGD,measles1,2011,93,,91.99233319795763,0.9795642714205707,0.1328855940309468
Bangladesh,measles1,ROSA,BGD,measles1,2010,88,,90.95720005332103,0.9795642714205707,0.1328855940309468
Bangladesh,measles1,ROSA,BGD,measles1,2009,93,,89.80308969233101,0.9795642714205707,0.1328855940309468
Bangladesh,measles1,ROSA,BGD,measles1,2008,92,,88.52027335121616,0.9795642714205707,0.1328855940309468
Bangladesh,measles1,ROSA,BGD,measles1,2007,89,,87.09925680727395,0.9795642714205707,0.1328855940309468
Bangladesh,measles1,ROSA,BGD,measles1,2006,83,,85.53109135596266,0.9795642714205707,0.1328855940309468
Bangladesh,measles1,ROSA,BGD,measles1,2005,88,,83.80774306517034,0.9795642714205707,0.1328855940309468
Bangladesh,measles1,ROSA,BGD,measles1,2004,81,,81.92251540499173,0.9795642714205707,0.1328855940309468
Bangladesh,measles1,ROSA,BGD,measles1,2003,76,,79.87051416791513,0.9795642714205707,0.1328855940309468
Bangladesh,measles1,ROSA,BGD,measles1,2002,75,,77.64913625740331,0.9795642714205707,0.1328855940309468
Bangladesh,measles1,ROSA,BGD,measles1,2001,77,,75.25855599194409,0.9795642714205707,0.1328855940309468
Bangladesh,measles1,ROSA,BGD,measles1,2000,74,,72.70217497116279,0.9795642714205707,0.1328855940309468
Ethiopia,measles1,ESAR,ETH,measles1,2019,57,,63.5706553099665,-0.5229603319358158,0.056828298876118684
Ethiopia,measles1,ESAR,ETH,measles1,2018,54,,62.244735717906494,-0.5229603319358158,0.056828298876118684
Ethiopia,measles1,ESAR,ETH,measles1,2017,58,,60.90023910059035,-0.5229603319358158,0.056828298876118684
Ethiopia,measles1,ESAR,ETH,measles1,2016,57,,59.53898644379076,-0.5229603319358158,0.056828298876118684
Ethiopia,measles1,ESAR,ETH,measles1,2015,55,,58.16289908666964,-0.5229603319358158,0.056828298876118684
Ethiopia,measles1,ESAR,ETH,measles1,2014,54,,56.77398880780271,-0.5229603319358158,0.056828298876118684
Ethiopia,measles1,ESAR,ETH,measles1,2013,55,,55.374346765959984,-0.5229603319358158,0.056828298876118684
Ethiopia,measles1,ESAR,ETH,measles1,2012,62,,53.9661314140356,-0.5229603319358158,0.056828298876118684
Ethiopia,measles1,ESAR,ETH,measles1,2011,68,,52.55155552690384,-0.5229603319358158,0.056828298876118684
Ethiopia,measles1,ESAR,ETH,measles1,2010,64,,51.132872503741844,-0.5229603319358158,0.056828298876118684
Ethiopia,measles1,ESAR,ETH,measles1,2009,59,,49.712362121844684,-0.5229603319358158,0.056828298876118684
Ethiopia,measles1,ESAR,ETH,measles1,2008,54,,48.292315931592654,-0.5229603319358158,0.056828298876118684
Ethiopia,measles1,ESAR,ETH,measles1,2007,49,,46.87502249057782,-0.5229603319358158,0.056828298876118684
Ethiopia,measles1,ESAR,ETH,measles1,2006,44,,45.46275263865687,-0.5229603319358158,0.056828298876118684
Ethiopia,measles1,ESAR,ETH,measles1,2005,40,,44.057745014739695,-0.5229603319358158,0.056828298876118684
Ethiopia,measles1,ESAR,ETH,measles1,2004,35,,42.662192010479814,-0.5229603319358158,0.056828298876118684
Ethiopia,measles1,ESAR,ETH,measles1,2003,35,,41.278226345905864,-0.5229603319358158,0.056828298876118684
Ethiopia,measles1,ESAR,ETH,measles1,2002,36,,39.907908437778396,-0.5229603319358158,0.056828298876118684
Ethiopia,measles1,ESAR,ETH,measles1,2001,35,,38.55321471356959,-0.5229603319358158,0.056828298876118684
Ethiopia,measles1,ESAR,ETH,measles1,2000,36,,37.21602700305427,-0.5229603319358158,0.056828298876118684
India,measles1,ROSA,IND,measles1,2019,95,,92.38776524944988,0.08052528503226031,0.12714276240175884
India,measles1,ROSA,IND,measles1,2018,93,,91.44400810891179,0.08052528503226031,0.12714276240175884
India,measles1,ROSA,IND,measles1,2017,90,,90.39540881313684,0.08052528503226031,0.12714276240175884
India,measles1,ROSA,IND,measles1,2016,88,,89.23342713212583,0.08052528503226031,0.12714276240175884
India,measles1,ROSA,IND,measles1,2015,87,,87.94960691357913,0.08052528503226031,0.12714276240175884
India,measles1,ROSA,IND,measles1,2014,85,,86.53580080060192,0.08052528503226031,0.12714276240175884
India,measles1,ROSA,IND,measles1,2013,83,,84.9844401546972,0.08052528503226031,0.12714276240175884
India,measles1,ROSA,IND,measles1,2012,83,,83.28884872625511,0.08052528503226031,0.12714276240175884
India,measles1,ROSA,IND,measles1,2011,84,,81.4435948363595,0.08052528503226031,0.12714276240175884
India,measles1,ROSA,IND,measles1,2010,82,,79.44487215373292,0.08052528503226031,0.12714276240175884
India,measles1,ROSA,IND,measles1,2009,78,,77.29089379278864,0.08052528503226031,0.12714276240175884
India,measles1,ROSA,IND,measles1,2008,72,,74.98227885721363,0.08052528503226031,0.12714276240175884
India,measles1,ROSA,IND,measles1,2007,70,,72.52240537008517,0.08052528503226031,0.12714276240175884
India,measles1,ROSA,IND,measles1,2006,69,,69.91769962767408,0.08052528503226031,0.12714276240175884
India,measles1,ROSA,IND,measles1,2005,68,,67.17783036062774,0.08052528503226031,0.12714276240175884
India,measles1,ROSA,IND,measles1,2004,64,,64.31577760474755,0.08052528503226031,0.12714276240175884
India,measles1,ROSA,IND,measles1,2003,60,,61.3477515331542,0.08052528503226031,0.12714276240175884
India,measles1,ROSA,IND,measles1,2002,56,,58.29294584985148,0.08052528503226031,0.12714276240175884
India,measles1,ROSA,IND,measles1,2001,57,,55.17312318472647,0.08052528503226031,0.12714276240175884
India,measles1,ROSA,IND,measles1,2000,56,,52.01204501438698,0.08052528503226031,0.12714276240175884
Indonesia,measles1,EAPR,IDN,measles1,2019,88,,88.21407353028363,0.8980299286941819,0.05867528620056194
Indonesia,measles1,EAPR,IDN,measles1,2018,89,,87.59022656370557,0.8980299286941819,0.05867528620056194
Indonesia,measles1,EAPR,IDN,measles1,2017,90,,86.93824783537163,0.8980299286941819,0.05867528620056194
Indonesia,measles1,EAPR,IDN,measles1,2016,88,,86.25738999513234,0.8980299286941819,0.05867528620056194
Indonesia,measles1,EAPR,IDN,measles1,2015,87,,85.54694182254818,0.8980299286941819,0.05867528620056194
Indonesia,measles1,EAPR,IDN,measles1,2014,86,,84.806235203504,0.8980299286941819,0.05867528620056194
Indonesia,measles1,EAPR,IDN,measles1,2013,87,,84.03465247393268,0.8980299286941819,0.05867528620056194
Indonesia,measles1,EAPR,IDN,measles1,2012,82,,83.23163408907125,0.8980299286941819,0.05867528620056194
Indonesia,measles1,EAPR,IDN,measles1,2011,80,,82.39668656587475,0.8980299286941819,0.05867528620056194
Indonesia,measles1,EAPR,IDN,measles1,2010,78,,81.52939063483767,0.8980299286941819,0.05867528620056194
Indonesia,measles1,EAPR,IDN,measles1,2009,74,,80.62940952571914,0.8980299286941819,0.05867528620056194
Indonesia,measles1,EAPR,IDN,measles1,2008,76,,79.69649729978394,0.8980299286941819,0.05867528620056194
Indonesia,measles1,EAPR,IDN,measles1,2007,76,,78.73050712945209,0.8980299286941819,0.05867528620056194
Indonesia,measles1,EAPR,IDN,measles1,2006,79,,77.7313994150412,0.8980299286941819,0.05867528620056194
Indonesia,measles1,EAPR,IDN,measles1,2005,77,,76.69924961797224,0.8980299286941819,0.05867528620056194
Indonesia,measles1,EAPR,IDN,measles1,2004,76,,75.63425568081364,0.8980299286941819,0.05867528620056194
Indonesia,measles1,EAPR,IDN,measles1,2003,74,,74.53674489730416,0.8980299286941819,0.05867528620056194
Indonesia,measles1,EAPR,IDN,measles1,2002,72,,73.40718009047596,0.8980299286941819,0.05867528620056194
Indonesia,measles1,EAPR,IDN,measles1,2001,76,,72.24616495464242,0.8980299286941819,0.05867528620056194
Indonesia,measles1,EAPR,IDN,measles1,2000,76,,71.05444841773487,0.8980299286941819,0.05867528620056194
Nigeria,measles1,WCAR,NGA,measles1,2019,58,,55.656080946639364,-0.6268926358646326,0.044953073273887305
Nigeria,measles1,WCAR,NGA,measles1,2018,56,,54.54399486232685,-0.6268926358646326,0.044953073273887305
Nigeria,measles1,WCAR,NGA,measles1,2017,54,,53.427357007355425,-0.6268926358646326,0.044953073273887305
Nigeria,measles1,WCAR,NGA,measles1,2016,48,,52.30727361099577,-0.6268926358646326,0.044953073273887305
Nigeria,measles1,WCAR,NGA,measles1,2015,42,,51.18486471476184,-0.6268926358646326,0.044953073273887305
Nigeria,measles1,WCAR,NGA,measles1,2014,44,,50.06125971859237,-0.6268926358646326,0.044953073273887305
Nigeria,measles1,WCAR,NGA,measles1,2013,43,,48.937592847185975,-0.6268926358646326,0.044953073273887305
Nigeria,measles1,WCAR,NGA,measles1,2012,42,,47.814998575039546,-0.6268926358646326,0.044953073273887305
Nigeria,measles1,WCAR,NGA,measles1,2011,49,,46.69460704934633,-0.6268926358646326,0.044953073273887305
Nigeria,measles1,WCAR,NGA,measles1,2010,56,,45.57753954994073,-0.6268926358646326,0.044953073273887305
Nigeria,measles1,WCAR,NGA,measles1,2009,64,,44.46490402493385,-0.6268926358646326,0.044953073273887305
Nigeria,measles1,WCAR,NGA,measles1,2008,53,,43.35779073957768,-0.6268926358646326,0.044953073273887305
Nigeria,measles1,WCAR,NGA,measles1,2007,41,,42.25726807425198,-0.6268926358646326,0.044953073273887305
Nigeria,measles1,WCAR,NGA,measles1,2006,44,,41.16437850532198,-0.6268926358646326,0.044953073273887305
Nigeria,measles1,WCAR,NGA,measles1,2005,41,,40.080134800014626,-0.6268926358646326,0.044953073273887305
Nigeria,measles1,WCAR,NGA,measles1,2004,37,,39.00551645346179,-0.6268926358646326,0.044953073273887305
Nigeria,measles1,WCAR,NGA,measles1,2003,34,,37.9414663927238,-0.6268926358646326,0.044953073273887305
Nigeria,measles1,WCAR,NGA,measles1,2002,30,,36.888887969005964,-0.6268926358646326,0.044953073273887305
Nigeria,measles1,WCAR,NGA,measles1,2001,32,,35.84864225548499,-0.6268926358646326,0.044953073273887305
Nigeria,measles1,WCAR,NGA,measles1,2000,33,,34.821545664247914,-0.6268926358646326,0.044953073273887305
Pakistan,measles1,ROSA,PAK,measles1,2019,81,,75.0960527578944,0.13331433278324936,0.05107512368968943
Pakistan,measles1,ROSA,PAK,measles1,2018,79,,74.12866228890432,0.13331433278324936,0.05107512368968943
Pakistan,measles1,ROSA,PAK,measles1,2017,76,,73.137135876195,0.13331433278324936,0.05107512368968943
Pakistan,measles1,ROSA,PAK,measles1,2016,75,,72.12190006451593,0.13331433278324936,0.05107512368968943
Pakistan,measles1,ROSA,PAK,measles1,2015,75,,71.08346530780823,0.13331433278324936,0.05107512368968943
Pakistan,measles1,ROSA,PAK,measles1,2014,71,,70.02242749152559,0.13331433278324936,0.05107512368968943
Pakistan,measles1,ROSA,PAK,measles1,2013,68,,68.93946890487864,0.13331433278324936,0.05107512368968943
Pakistan,measles1,ROSA,PAK,measles1,2012,63,,67.83535861780983,0.13331433278324936,0.05107512368968943
Pakistan,measles1,ROSA,PAK,measles1,2011,59,,66.71095222269405,0.13331433278324936,0.05107512368968943
Pakistan,measles1,ROSA,PAK,measles1,2010,57,,65.5671909070825,0.13331433278324936,0.05107512368968943
Pakistan,measles1,ROSA,PAK,measles1,2009,56,,64.40509983121923,0.13331433278324936,0.05107512368968943
Pakistan,measles1,ROSA,PAK,measles1,2008,56,,63.2257857924723,0.13331433278324936,0.05107512368968943
Pakistan,measles1,ROSA,PAK,measles1,2007,57,,62.030434168118965,0.13331433278324936,0.05107512368968943
Pakistan,measles1,ROSA,PAK,measles1,2006,59,,60.820305137949696,0.13331433278324936,0.05107512368968943
Pakistan,measles1,ROSA,PAK,measles1,2005,61,,59.596729198723075,0.13331433278324936,0.05107512368968943
Pakistan,measles1,ROSA,PAK,measles1,2004,63,,58.3611019933967,0.13331433278324936,0.05107512368968943
Pakistan,measles1,ROSA,PAK,measles1,2003,62,,57.114878489040024,0.13331433278324936,0.05107512368968943
Pakistan,measles1,ROSA,PAK,measles1,2002,60,,55.85956654814703,0.13331433278324936,0.05107512368968943
Pakistan,measles1,ROSA,PAK,measles1,2001,59,,54.59671994844679,0.13331433278324936,0.05107512368968943
Pakistan,measles1,ROSA,PAK,measles1,2000,57,,53.32793091599459,0.13331433278324936,0.05107512368968943
Philippines,measles1,EAPR,PHL,measles1,2019,83,,81.73166468705612,2.0068196046448548,-0.02676565029259589
Philippines,measles1,EAPR,PHL,measles1,2018,82,,82.12791392687926,2.0068196046448548,-0.02676565029259589
Philippines,measles1,EAPR,PHL,measles1,2017,81,,82.51740678121023,2.0068196046448548,-0.02676565029259589
Philippines,measles1,EAPR,PHL,measles1,2016,80,,82.90017863446307,2.0068196046448548,-0.02676565029259589
Philippines,measles1,EAPR,PHL,measles1,2015,80,,83.27626839169298,2.0068196046448548,-0.02676565029259589
Philippines,measles1,EAPR,PHL,measles1,2014,81,,83.6457183144246,2.0068196046448548,-0.02676565029259589
Philippines,measles1,EAPR,PHL,measles1,2013,83,,84.00857385740457,2.0068196046448548,-0.02676565029259589
Philippines,measles1,EAPR,PHL,measles1,2012,84,,84.36488350662187,2.0068196046448548,-0.02676565029259589
Philippines,measles1,EAPR,PHL,measles1,2011,86,,84.71469861891671,2.0068196046448548,-0.02676565029259589
Philippines,measles1,EAPR,PHL,measles1,2010,87,,85.05807326347642,2.0068196046448548,-0.02676565029259589
Philippines,measles1,EAPR,PHL,measles1,2009,89,,85.3950640654947,2.0068196046448548,-0.02676565029259589
Philippines,measles1,EAPR,PHL,measles1,2008,90,,85.72573005224888,2.0068196046448548,-0.02676565029259589
Philippines,measles1,EAPR,PHL,measles1,2007,92,,86.05013250182772,2.0068196046448548,-0.02676565029259589
Philippines,measles1,EAPR,PHL,measles1,2006,92,,86.36833479472182,2.0068196046448548,-0.02676565029259589
Philippines,measles1,EAPR,PHL,measles1,2005,92,,86.68040226846782,2.0068196046448548,-0.02676565029259589
Philippines,measles1,EAPR,PHL,measles1,2004,92,,86.98640207551749,2.0068196046448548,-0.02676565029259589
Philippines,measles1,EAPR,PHL,measles1,2003,87,,87.28640304448382,2.0068196046448548,-0.02676565029259589
Philippines,measles1,EAPR,PHL,measles1,2002,82,,87.58047554489704,2.0068196046448548,-0.02676565029259589
Philippines,measles1,EAPR,PHL,measles1,2001,81,,87.86869135558585,2.0068196046448548,-0.02676565029259589
Philippines,measles1,EAPR,PHL,measles1,2000,78,,88.15112353678191,2.0068196046448548,-0.02676565029259589
Global,DTP1,NA,NA,NA,2000,89.703125,,90.55464044172996,2.260429861436933,0.02243709019902902
Global,DTP1,NA,NA,NA,2001,89.94270833333333,,90.7448112217226,2.260429861436933,0.02243709019902902
Global,DTP1,NA,NA,NA,2002,90.24352331606218,,90.93153658058242,2.260429861436933,0.02243709019902902
Global,DTP1,NA,NA,NA,2003,90.61139896373057,,91.11486357823517,2.260429861436933,0.02243709019902902
Global,DTP1,NA,NA,NA,2004,90.90155440414507,,91.29483925691169,2.260429861436933,0.02243709019902902
Global,DTP1,NA,NA,NA,2005,91.87046632124353,,91.47151061094057,2.260429861436933,0.02243709019902902
Global,DTP1,NA,NA,NA,2006,92.10309278350516,,91.64492455781296,2.260429861436933,0.02243709019902902
Global,DTP1,NA,NA,NA,2007,92.48453608247422,,91.81512791049849,2.260429861436933,0.02243709019902902
Global,DTP1,NA,NA,NA,2008,92.70618556701031,,91.98216735099113,2.260429861436933,0.02243709019902902
Global,DTP1,NA,NA,NA,2009,93.16494845360825,,92.1460894050617,2.260429861436933,0.02243709019902902
Global,DTP1,NA,NA,NA,2010,93.23711340206185,,92.30694041819363,2.260429861436933,0.02243709019902902
Global,DTP1,NA,NA,NA,2011,93.37948717948719,,92.46476653267773,2.260429861436933,0.02243709019902902
Global,DTP1,NA,NA,NA,2012,93.53333333333333,,92.61961366584023,2.260429861436933,0.02243709019902902
Global,DTP1,NA,NA,NA,2013,92.95897435897436,,92.77152748937905,2.260429861436933,0.02243709019902902
Global,DTP1,NA,NA,NA,2014,92.91794871794872,,92.92055340978155,2.260429861436933,0.02243709019902902
Global,DTP1,NA,NA,NA,2015,92.81025641025641,,93.06673654979718,2.260429861436933,0.02243709019902902
Global,DTP1,NA,NA,NA,2016,92.77435897435898,,93.21012173093844,2.260429861436933,0.02243709019902902
Global,DTP1,NA,NA,NA,2017,92.67179487179487,,93.35075345698212,2.260429861436933,0.02243709019902902
Global,DTP1,NA,NA,NA,2018,92.73333333333333,,93.48867589844436,2.260429861436933,0.02243709019902902
Global,DTP1,NA,NA,NA,2019,92.77435897435898,,93.62393287800103,2.260429861436933,0.02243709019902902
Global,DTP3,NA,NA,NA,2000,81.89583333333334,,83.84494618735235,1.6467362840956905,0.02852612464781926
Global,DTP3,NA,NA,NA,2001,82.890625,,84.2276176331491,1.6467362840956905,0.02852612464781926
Global,DTP3,NA,NA,NA,2002,83.31088082901555,,84.60288916731676,1.6467362840956905,0.02852612464781926
Global,DTP3,NA,NA,NA,2003,84.1761658031088,,84.97082509961515,1.6467362840956905,0.02852612464781926
Global,DTP3,NA,NA,NA,2004,85.05181347150258,,85.33149310220747,1.6467362840956905,0.02852612464781926
Global,DTP3,NA,NA,NA,2005,86.47150259067358,,85.68496399702057,1.6467362840956905,0.02852612464781926
Global,DTP3,NA,NA,NA,2006,86.81443298969072,,86.03131154690466,1.6467362840956905,0.02852612464781926
Global,DTP3,NA,NA,NA,2007,87.86082474226804,,86.37061225093024,1.6467362840956905,0.02852612464781926
Global,DTP3,NA,NA,NA,2008,88.15463917525773,,86.70294514412629,1.6467362840956905,0.02852612464781926
Global,DTP3,NA,NA,NA,2009,88.5979381443299,,87.02839160192983,1.6467362840956905,0.02852612464781926
Global,DTP3,NA,NA,NA,2010,88.77319587628865,,87.34703514958476,1.6467362840956905,0.02852612464781926
Global,DTP3,NA,NA,NA,2011,89.12820512820512,,87.65896127669717,1.6467362840956905,0.02852612464781926
Global,DTP3,NA,NA,NA,2012,89.41025641025641,,87.96425725712392,1.6467362840956905,0.02852612464781926
Global,DTP3,NA,NA,NA,2013,88.92820512820512,,88.26301197434316,1.6467362840956905,0.02852612464781926
Global,DTP3,NA,NA,NA,2014,88.36410256410257,,88.55531575242821,1.6467362840956905,0.02852612464781926
Global,DTP3,NA,NA,NA,2015,88.2051282051282,,88.84126019272067,1.6467362840956905,0.02852612464781926
Global,DTP3,NA,NA,NA,2016,88.41025641025641,,89.12093801627385,1.6467362840956905,0.02852612464781926
Global,DTP3,NA,NA,NA,2017,88.0923076923077,,89.39444291211572,1.6467362840956905,0.02852612464781926
Global,DTP3,NA,NA,NA,2018,88.36923076923077,,89.66186939135805,1.6467362840956905,0.02852612464781926
Global,DTP3,NA,NA,NA,2019,88.62051282051281,,89.92331264715926,1.6467362840956905,0.02852612464781926
Global,measles1,NA,NA,NA,2000,81.203125,,82.94323306416,1.5816094220946337,0.02706776589869947
Global,measles1,NA,NA,NA,2001,82.296875,,83.32276503675628,1.5816094220946337,0.02706776589869947
Global,measles1,NA,NA,NA,2002,82.71502590673575,,83.6955120715539,1.5816094220946337,0.02706776589869947
Global,measles1,NA,NA,NA,2003,83.48186528497409,,84.06152159812031,1.5816094220946337,0.02706776589869947
Global,measles1,NA,NA,NA,2004,84.12435233160622,,84.42084419351937,1.5816094220946337,0.02706776589869947
Global,measles1,NA,NA,NA,2005,85,,84.77353341292748,1.5816094220946337,0.02706776589869947
Global,measles1,NA,NA,NA,2006,85.81443298969072,,85.11964562231287,1.5816094220946337,0.02706776589869947
Global,measles1,NA,NA,NA,2007,86.4639175257732,,85.459239833474,1.5816094220946337,0.02706776589869947
Global,measles1,NA,NA,NA,2008,86.90721649484536,,85.79237754170776,1.5816094220946337,0.02706776589869947
Global,measles1,NA,NA,NA,2009,87.28350515463917,,86.1191225663558,1.5816094220946337,0.02706776589869947
Global,measles1,NA,NA,NA,2010,87.72680412371135,,86.43954089445377,1.5816094220946337,0.02706776589869947
Global,measles1,NA,NA,NA,2011,88.17948717948718,,86.75370052768598,1.5816094220946337,0.02706776589869947
Global,measles1,NA,NA,NA,2012,88.64102564102564,,87.06167133282634,1.5816094220946337,0.02706776589869947
Global,measles1,NA,NA,NA,2013,88.58974358974359,,87.3635248958251,1.5816094220946337,0.02706776589869947
Global,measles1,NA,NA,NA,2014,87.8923076923077,,87.65933437968133,1.5816094220946337,0.02706776589869947
Global,measles1,NA,NA,NA,2015,87.65641025641025,,87.94917438622058,1.5816094220946337,0.02706776589869947
Global,measles1,NA,NA,NA,2016,87.26153846153846,,88.23312082187947,1.5816094220946337,0.02706776589869947
Global,measles1,NA,NA,NA,2017,87.34358974358975,,88.5112507675808,1.5816094220946337,0.02706776589869947
Global,measles1,NA,NA,NA,2018,87.33846153846154,,88.78364235276554,1.5816094220946337,0.02706776589869947
Global,measles1,NA,NA,NA,2019,87.58461538461539,,89.05037463363283,1.5816094220946337,0.02706776589869947
