index,country,note,country_code,year,urban_rate
1,Global,NA,900,2015,0.5392784649280697
1,Global,NA,900,2020,0.5617348318454124
1,Global,NA,900,2025,0.58329728774667855
1,Global,NA,900,2030,0.604272893324217
1,Global,NA,900,2035,0.6247632625590955
1,Global,NA,900,2040,0.6447374318030981
1,Global,NA,900,2045,0.6641840934986489
1,Global,NA,900,2050,0.6835732013200178
2,More developed regions,a,901,2015,0.7812669093734526
2,More developed regions,a,901,2020,0.7907179605165507
2,More developed regions,a,901,2025,0.8016081274407324
2,More developed regions,a,901,2030,0.813760538499912
2,More developed regions,a,901,2035,0.826876077620054
2,More developed regions,a,901,2040,0.8404132208177764
2,More developed regions,a,901,2045,0.8535695998864223
2,More developed regions,a,901,2050,0.8658804935179909
3,Less developed regions,b,902,2015,0.4898051721398804
3,Less developed regions,b,902,2020,0.5172000734785941
3,Less developed regions,b,902,2025,0.5427833985994014
3,Less developed regions,b,902,2030,0.5670581822275117
3,Less developed regions,b,902,2035,0.590313899524089
3,Less developed regions,b,902,2040,0.6126518018409541
3,Less developed regions,b,902,2045,0.6342191080681746
3,Less developed regions,b,902,2050,0.6556461026425189
4,Least developed countries,c,941,2015,0.31982104014957435
4,Least developed countries,c,941,2020,0.3464095918044805
4,Least developed countries,c,941,2025,0.37444412544212097
4,Least developed countries,c,941,2030,0.403635579847844
4,Least developed countries,c,941,2035,0.4335987816283015
4,Least developed countries,c,941,2040,0.4638230139259614
4,Least developed countries,c,941,2045,0.49423245734965277
4,Least developed countries,c,941,2050,0.5247248815227744
5,"Less developed regions, excluding least developed countries",d,934,2015,0.5212389104234793
5,"Less developed regions, excluding least developed countries",d,934,2020,0.5508425626076574
5,"Less developed regions, excluding least developed countries",d,934,2025,0.5782121573462872
5,"Less developed regions, excluding least developed countries",d,934,2030,0.6038449699896403
5,"Less developed regions, excluding least developed countries",d,934,2035,0.6280416631340716
5,"Less developed regions, excluding least developed countries",d,934,2040,0.6509354028704363
5,"Less developed regions, excluding least developed countries",d,934,2045,0.6726369224454298
5,"Less developed regions, excluding least developed countries",d,934,2050,0.693916907376527
6,"Less developed regions, excluding China",NA,948,2015,0.4681851368072473
6,"Less developed regions, excluding China",NA,948,2020,0.4878603410986146
6,"Less developed regions, excluding China",NA,948,2025,0.5085810544623451
6,"Less developed regions, excluding China",NA,948,2030,0.5306672740709689
6,"Less developed regions, excluding China",NA,948,2035,0.5539371673972674
6,"Less developed regions, excluding China",NA,948,2040,0.5779547385810425
6,"Less developed regions, excluding China",NA,948,2045,0.6022995834929592
6,"Less developed regions, excluding China",NA,948,2050,0.6266130549163234
7,High-income countries,e,1503,2015,0.8094610387147996
7,High-income countries,e,1503,2020,0.818518274917924
7,High-income countries,e,1503,2025,0.828448324667189
7,High-income countries,e,1503,2030,0.8391732744761141
7,High-income countries,e,1503,2035,0.8504974874558454
7,High-income countries,e,1503,2040,0.8620782872307557
7,High-income countries,e,1503,2045,0.8733780612768491
7,High-income countries,e,1503,2050,0.8839393655851508
8,Middle-income countries,e,1517,2015,0.5082975369061721
8,Middle-income countries,e,1517,2020,0.5373509068015603
8,Middle-income countries,e,1517,2025,0.5646219873998685
8,Middle-income countries,e,1517,2030,0.5904676496479457
8,Middle-income countries,e,1517,2035,0.6151284136236951
8,Middle-income countries,e,1517,2040,0.6386476550191454
8,Middle-income countries,e,1517,2045,0.6611206644022525
8,Middle-income countries,e,1517,2050,0.6832276849385971
9,Upper-middle-income countries,e,1502,2015,0.6411818341645418
9,Upper-middle-income countries,e,1502,2020,0.6820047500877832
9,Upper-middle-income countries,e,1502,2025,0.7174756299450645
9,Upper-middle-income countries,e,1502,2030,0.7476110075371055
9,Upper-middle-income countries,e,1502,2035,0.7727528954059657
9,Upper-middle-income countries,e,1502,2040,0.7933638101386884
9,Upper-middle-income countries,e,1502,2045,0.8101786718106606
9,Upper-middle-income countries,e,1502,2050,0.8256317944075725
10,Lower-middle-income countries,e,1501,2015,0.3924846543344323
10,Lower-middle-income countries,e,1501,2020,0.41598437799329246
10,Lower-middle-income countries,e,1501,2025,0.4417560984910691
10,Lower-middle-income countries,e,1501,2030,0.4695002125680442
10,Lower-middle-income countries,e,1501,2035,0.4988666333676164
10,Lower-middle-income countries,e,1501,2040,0.5292034570346302
10,Lower-middle-income countries,e,1501,2045,0.5598883456948643
10,Lower-middle-income countries,e,1501,2050,0.5903081736049864
11,Low-income countries,e,1500,2015,0.309313603534316
11,Low-income countries,e,1500,2020,0.33173948496775446
11,Low-income countries,e,1500,2025,0.3565388920678757
11,Low-income countries,e,1500,2030,0.38342296628706124
11,Low-income countries,e,1500,2035,0.4119555111456471
11,Low-income countries,e,1500,2040,0.44156116270257234
11,Low-income countries,e,1500,2045,0.471665818988534
11,Low-income countries,e,1500,2050,0.5021230204004234
12,Sub-Saharan Africa,f,947,2015,0.38775612460274056
12,Sub-Saharan Africa,f,947,2020,0.41449558621525656
12,Sub-Saharan Africa,f,947,2025,0.4418923741677128
12,Sub-Saharan Africa,f,947,2030,0.4696817704641536
12,Sub-Saharan Africa,f,947,2035,0.4975045351634232
12,Sub-Saharan Africa,f,947,2040,0.5251769872581717
12,Sub-Saharan Africa,f,947,2045,0.5528651432461305
12,Sub-Saharan Africa,f,947,2050,0.5805065537463084
13,AFRICA,NA,903,2015,0.41154008377779727
13,AFRICA,NA,903,2020,0.4345173380857499
13,AFRICA,NA,903,2025,0.4586295945787142
13,AFRICA,NA,903,2030,0.4837074611302483
13,AFRICA,NA,903,2035,0.5094785688077879
13,AFRICA,NA,903,2040,0.5357142254338313
13,AFRICA,NA,903,2045,0.5623702189417923
13,AFRICA,NA,903,2050,0.5890748203854085
14,Eastern Africa,NA,910,2015,0.2655988792174123
14,Eastern Africa,NA,910,2020,0.28970019391409163
14,Eastern Africa,NA,910,2025,0.3162318660491395
14,Eastern Africa,NA,910,2030,0.34491539830780277
14,Eastern Africa,NA,910,2035,0.3752824498130149
14,Eastern Africa,NA,910,2040,0.4066038260163753
14,Eastern Africa,NA,910,2045,0.4384553303530806
14,Eastern Africa,NA,910,2050,0.4708964522638559
15,Burundi,NA,108,2015,0.12078
15,Burundi,NA,108,2020,0.13708
15,Burundi,NA,108,2025,0.15544
15,Burundi,NA,108,2030,0.17598
15,Burundi,NA,108,2035,0.19859000000000002
15,Burundi,NA,108,2040,0.22324000000000002
15,Burundi,NA,108,2045,0.25
15,Burundi,NA,108,2050,0.27881
16,Comoros,NA,174,2015,0.2847
16,Comoros,NA,174,2020,0.2938
16,Comoros,NA,174,2025,0.30722
16,Comoros,NA,174,2030,0.32523
16,Comoros,NA,174,2035,0.34551000000000004
16,Comoros,NA,174,2040,0.36636
16,Comoros,NA,174,2045,0.38773
16,Comoros,NA,174,2050,0.40954
17,Djibouti,NA,262,2015,0.77417
17,Djibouti,NA,262,2020,0.78062
17,Djibouti,NA,262,2025,0.7892
17,Djibouti,NA,262,2030,0.7996899999999999
17,Djibouti,NA,262,2035,0.81184
17,Djibouti,NA,262,2040,0.8241700000000001
17,Djibouti,NA,262,2045,0.83587
17,Djibouti,NA,262,2050,0.8469199999999999
18,Eritrea,NA,232,2015,0.38206
18,Eritrea,NA,232,2020,0.41347
18,Eritrea,NA,232,2025,0.44557
18,Eritrea,NA,232,2030,0.47786
18,Eritrea,NA,232,2035,0.50964
18,Eritrea,NA,232,2040,0.5405599999999999
18,Eritrea,NA,232,2045,0.57119
18,Eritrea,NA,232,2050,0.60129
19,Ethiopia,NA,231,2015,0.19428
19,Ethiopia,NA,231,2020,0.21695
19,Ethiopia,NA,231,2025,0.24172999999999997
19,Ethiopia,NA,231,2030,0.26856
19,Ethiopia,NA,231,2035,0.29724
19,Ethiopia,NA,231,2040,0.3274
19,Ethiopia,NA,231,2045,0.35840000000000005
19,Ethiopia,NA,231,2050,0.39051
20,Kenya,NA,404,2015,0.25658000000000003
20,Kenya,NA,404,2020,0.27995000000000003
20,Kenya,NA,404,2025,0.30588
20,Kenya,NA,404,2030,0.33427
20,Kenya,NA,404,2035,0.36479
20,Kenya,NA,404,2040,0.39664
20,Kenya,NA,404,2045,0.42942
20,Kenya,NA,404,2050,0.46283
21,Madagascar,NA,450,2015,0.35192999999999997
21,Madagascar,NA,450,2020,0.38534
21,Madagascar,NA,450,2025,0.41904
21,Madagascar,NA,450,2030,0.4524
21,Madagascar,NA,450,2035,0.48451
21,Madagascar,NA,450,2040,0.5162599999999999
21,Madagascar,NA,450,2045,0.5478799999999999
21,Madagascar,NA,450,2050,0.57911
22,Malawi,NA,454,2015,0.16313
22,Malawi,NA,454,2020,0.17427
22,Malawi,NA,454,2025,0.18933
22,Malawi,NA,454,2030,0.20886
22,Malawi,NA,454,2035,0.2332
22,Malawi,NA,454,2040,0.26033
22,Malawi,NA,454,2045,0.28942
22,Malawi,NA,454,2050,0.32034999999999997
23,Mauritius,1,480,2015,0.41
23,Mauritius,1,480,2020,0.40759999999999996
23,Mauritius,1,480,2025,0.41043
23,Mauritius,1,480,2030,0.41850000000000004
23,Mauritius,1,480,2035,0.43189999999999995
23,Mauritius,1,480,2040,0.45069000000000004
23,Mauritius,1,480,2045,0.47276
23,Mauritius,1,480,2050,0.49495
24,Mayotte,NA,175,2015,0.46989
24,Mayotte,NA,175,2020,0.45750999999999997
24,Mayotte,NA,175,2025,0.45334
24,Mayotte,NA,175,2030,0.45735
24,Mayotte,NA,175,2035,0.46957
24,Mayotte,NA,175,2040,0.48966
24,Mayotte,NA,175,2045,0.5117499999999999
24,Mayotte,NA,175,2050,0.53379
25,Mozambique,NA,508,2015,0.344
25,Mozambique,NA,508,2020,0.37073999999999996
25,Mozambique,NA,508,2025,0.39904000000000006
25,Mozambique,NA,508,2030,0.42874
25,Mozambique,NA,508,2035,0.45953000000000005
25,Mozambique,NA,508,2040,0.49090000000000006
25,Mozambique,NA,508,2045,0.52205
25,Mozambique,NA,508,2050,0.5529
26,Réunion,NA,638,2015,0.99339
26,Réunion,NA,638,2020,0.9965900000000001
26,Réunion,NA,638,2025,0.9979399999999999
26,Réunion,NA,638,2030,0.9985299999999999
26,Réunion,NA,638,2035,0.9987699999999999
26,Réunion,NA,638,2040,0.99886
26,Réunion,NA,638,2045,0.99895
26,Réunion,NA,638,2050,0.9990300000000001
27,Rwanda,NA,646,2015,0.17004000000000002
27,Rwanda,NA,646,2020,0.17431999999999997
27,Rwanda,NA,646,2025,0.18289000000000002
27,Rwanda,NA,646,2030,0.19619
27,Rwanda,NA,646,2035,0.21484999999999999
27,Rwanda,NA,646,2040,0.23931000000000002
27,Rwanda,NA,646,2045,0.26681
27,Rwanda,NA,646,2050,0.29624
28,Seychelles,NA,690,2015,0.5539999999999999
28,Seychelles,NA,690,2020,0.57546
28,Seychelles,NA,690,2025,0.59663
28,Seychelles,NA,690,2030,0.6174499999999999
28,Seychelles,NA,690,2035,0.63784
28,Seychelles,NA,690,2040,0.6577500000000001
28,Seychelles,NA,690,2045,0.67712
28,Seychelles,NA,690,2050,0.6959000000000001
29,Somalia,NA,706,2015,0.43245
29,Somalia,NA,706,2020,0.46141
29,Somalia,NA,706,2025,0.49119
29,Somalia,NA,706,2030,0.52144
29,Somalia,NA,706,2035,0.55167
29,Somalia,NA,706,2040,0.58119
29,Somalia,NA,706,2045,0.60985
29,Somalia,NA,706,2050,0.63778
30,South Sudan,NA,728,2015,0.18852
30,South Sudan,NA,728,2020,0.20199
30,South Sudan,NA,728,2025,0.21943000000000001
30,South Sudan,NA,728,2030,0.24131
30,South Sudan,NA,728,2035,0.26779
30,South Sudan,NA,728,2040,0.29684
30,South Sudan,NA,728,2045,0.32764000000000004
30,South Sudan,NA,728,2050,0.35999000000000003
31,Uganda,NA,800,2015,0.2206
31,Uganda,NA,800,2020,0.24954
31,Uganda,NA,800,2025,0.28012
31,Uganda,NA,800,2030,0.31193000000000004
31,Uganda,NA,800,2035,0.34438
31,Uganda,NA,800,2040,0.37666
31,Uganda,NA,800,2045,0.40866
31,Uganda,NA,800,2050,0.44148000000000004
32,United Republic of Tanzania,2,834,2015,0.31617
32,United Republic of Tanzania,2,834,2020,0.35226999999999997
32,United Republic of Tanzania,2,834,2025,0.38862
32,United Republic of Tanzania,2,834,2030,0.42447
32,United Republic of Tanzania,2,834,2035,0.45901000000000003
32,United Republic of Tanzania,2,834,2040,0.49128
32,United Republic of Tanzania,2,834,2045,0.5229
32,United Republic of Tanzania,2,834,2050,0.55433
33,Zambia,NA,894,2015,0.41906999999999994
33,Zambia,NA,894,2020,0.44628999999999996
33,Zambia,NA,894,2025,0.47497999999999996
33,Zambia,NA,894,2030,0.50478
33,Zambia,NA,894,2035,0.53513
33,Zambia,NA,894,2040,0.56522
33,Zambia,NA,894,2045,0.5948599999999999
33,Zambia,NA,894,2050,0.62381
34,Zimbabwe,NA,716,2015,0.32384999999999997
34,Zimbabwe,NA,716,2020,0.32242
34,Zimbabwe,NA,716,2025,0.32853
34,Zimbabwe,NA,716,2030,0.34238
34,Zimbabwe,NA,716,2035,0.36426000000000003
34,Zimbabwe,NA,716,2040,0.39403
34,Zimbabwe,NA,716,2045,0.42643000000000003
34,Zimbabwe,NA,716,2050,0.45947000000000005
35,Middle Africa,NA,911,2015,0.4789332274352052
35,Middle Africa,NA,911,2020,0.5063683067764053
35,Middle Africa,NA,911,2025,0.5342981936997863
35,Middle Africa,NA,911,2030,0.5624226809697396
35,Middle Africa,NA,911,2035,0.5902720528285956
35,Middle Africa,NA,911,2040,0.6174957968837415
35,Middle Africa,NA,911,2045,0.6440412104655848
35,Middle Africa,NA,911,2050,0.6699231848855525
36,Angola,NA,24,2015,0.63446
36,Angola,NA,24,2020,0.66825
36,Angola,NA,24,2025,0.6986
36,Angola,NA,24,2030,0.7254600000000001
36,Angola,NA,24,2035,0.74889
36,Angola,NA,24,2040,0.7689
36,Angola,NA,24,2045,0.78691
36,Angola,NA,24,2050,0.80388
37,Cameroon,NA,120,2015,0.54578
37,Cameroon,NA,120,2020,0.5756
37,Cameroon,NA,120,2025,0.60464
37,Cameroon,NA,120,2030,0.63242
37,Cameroon,NA,120,2035,0.65858
37,Cameroon,NA,120,2040,0.68377
37,Cameroon,NA,120,2045,0.7079300000000001
37,Cameroon,NA,120,2050,0.73098
38,Central African Republic,NA,140,2015,0.40277
38,Central African Republic,NA,140,2020,0.42198
38,Central African Republic,NA,140,2025,0.44665999999999995
38,Central African Republic,NA,140,2030,0.47646
38,Central African Republic,NA,140,2035,0.50823
38,Central African Republic,NA,140,2040,0.53993
38,Central African Republic,NA,140,2045,0.57131
38,Central African Republic,NA,140,2050,0.60213
39,Chad,NA,148,2015,0.22515000000000002
39,Chad,NA,148,2020,0.2352
39,Chad,NA,148,2025,0.25038
39,Chad,NA,148,2030,0.27117
39,Chad,NA,148,2035,0.29797999999999997
39,Chad,NA,148,2040,0.32824
39,Chad,NA,148,2045,0.36
39,Chad,NA,148,2050,0.39303
40,Congo,NA,178,2015,0.6554300000000001
40,Congo,NA,178,2020,0.67829
40,Congo,NA,178,2025,0.70085
40,Congo,NA,178,2030,0.7228
40,Congo,NA,178,2035,0.74372
40,Congo,NA,178,2040,0.76357
40,Congo,NA,178,2045,0.78232
40,Congo,NA,178,2050,0.79998
41,Democratic Republic of the Congo,NA,180,2015,0.4274
41,Democratic Republic of the Congo,NA,180,2020,0.45638
41,Democratic Republic of the Congo,NA,180,2025,0.48668999999999996
41,Democratic Republic of the Congo,NA,180,2030,0.51762
41,Democratic Republic of the Congo,NA,180,2035,0.54847
41,Democratic Republic of the Congo,NA,180,2040,0.5789500000000001
41,Democratic Republic of the Congo,NA,180,2045,0.60884
41,Democratic Republic of the Congo,NA,180,2050,0.63794
42,Equatorial Guinea,NA,226,2015,0.70616
42,Equatorial Guinea,NA,226,2020,0.731
42,Equatorial Guinea,NA,226,2025,0.7529
42,Equatorial Guinea,NA,226,2030,0.7720699999999999
42,Equatorial Guinea,NA,226,2035,0.78874
42,Equatorial Guinea,NA,226,2040,0.8031
42,Equatorial Guinea,NA,226,2045,0.81589
42,Equatorial Guinea,NA,226,2050,0.8280299999999999
43,Gabon,NA,266,2015,0.88118
43,Gabon,NA,266,2020,0.9009199999999999
43,Gabon,NA,266,2025,0.9156799999999999
43,Gabon,NA,266,2030,0.92663
43,Gabon,NA,266,2035,0.93462
43,Gabon,NA,266,2040,0.94033
43,Gabon,NA,266,2045,0.9452200000000001
43,Gabon,NA,266,2050,0.94974
44,Sao Tome and Principe,NA,678,2015,0.70174
44,Sao Tome and Principe,NA,678,2020,0.74354
44,Sao Tome and Principe,NA,678,2025,0.77593
44,Sao Tome and Principe,NA,678,2030,0.8003199999999999
44,Sao Tome and Principe,NA,678,2035,0.818
44,Sao Tome and Principe,NA,678,2040,0.83053
44,Sao Tome and Principe,NA,678,2045,0.84185
44,Sao Tome and Principe,NA,678,2050,0.8525499999999999
45,Northern Africa,NA,912,2015,0.5139326952549326
45,Northern Africa,NA,912,2020,0.5245624100678226
45,Northern Africa,NA,912,2025,0.5376714873600651
45,Northern Africa,NA,912,2030,0.5534578059071287
45,Northern Africa,NA,912,2035,0.5721374866366883
45,Northern Africa,NA,912,2040,0.5935870585387746
45,Northern Africa,NA,912,2045,0.6170662547070351
45,Northern Africa,NA,912,2050,0.6406801756026194
46,Algeria,NA,12,2015,0.70848
46,Algeria,NA,12,2020,0.73733
46,Algeria,NA,12,2025,0.76212
46,Algeria,NA,12,2030,0.7830800000000001
46,Algeria,NA,12,2035,0.80049
46,Algeria,NA,12,2040,0.8162999999999999
46,Algeria,NA,12,2045,0.83111
46,Algeria,NA,12,2050,0.8449599999999999
47,Egypt,NA,818,2015,0.42784999999999995
47,Egypt,NA,818,2020,0.42783
47,Egypt,NA,818,2025,0.43444000000000005
47,Egypt,NA,818,2030,0.44773
47,Egypt,NA,818,2035,0.46769
47,Egypt,NA,818,2040,0.49415
47,Egypt,NA,818,2045,0.52508
47,Egypt,NA,818,2050,0.55608
48,Libya,NA,434,2015,0.7927
48,Libya,NA,434,2020,0.80691
48,Libya,NA,434,2025,0.8220399999999999
48,Libya,NA,434,2030,0.83631
48,Libya,NA,434,2035,0.84964
48,Libya,NA,434,2040,0.8620699999999999
48,Libya,NA,434,2045,0.87363
48,Libya,NA,434,2050,0.88434
49,Morocco,NA,504,2015,0.60809
49,Morocco,NA,504,2020,0.63532
49,Morocco,NA,504,2025,0.6616
49,Morocco,NA,504,2030,0.68672
49,Morocco,NA,504,2035,0.71042
49,Morocco,NA,504,2040,0.73244
49,Morocco,NA,504,2045,0.7528400000000001
49,Morocco,NA,504,2050,0.7721800000000001
50,Sudan,NA,729,2015,0.33893999999999996
50,Sudan,NA,729,2020,0.35253
50,Sudan,NA,729,2025,0.37185
50,Sudan,NA,729,2030,0.39704999999999996
50,Sudan,NA,729,2035,0.42772
50,Sudan,NA,729,2040,0.46014000000000005
50,Sudan,NA,729,2045,0.49290999999999996
50,Sudan,NA,729,2050,0.52573
51,Tunisia,NA,788,2015,0.6805599999999999
51,Tunisia,NA,788,2020,0.69568
51,Tunisia,NA,788,2025,0.7121999999999999
51,Tunisia,NA,788,2030,0.72985
51,Tunisia,NA,788,2035,0.74827
51,Tunisia,NA,788,2040,0.76702
51,Tunisia,NA,788,2045,0.7851600000000001
51,Tunisia,NA,788,2050,0.80226
52,Western Sahara,NA,732,2015,0.8651000000000001
52,Western Sahara,NA,732,2020,0.8682899999999999
52,Western Sahara,NA,732,2025,0.87273
52,Western Sahara,NA,732,2030,0.87831
52,Western Sahara,NA,732,2035,0.88488
52,Western Sahara,NA,732,2040,0.8922599999999999
52,Western Sahara,NA,732,2045,0.89985
52,Western Sahara,NA,732,2050,0.90696
53,Southern Africa,NA,913,2015,0.6205964054762281
53,Southern Africa,NA,913,2020,0.6463223398449152
53,Southern Africa,NA,913,2025,0.6709033143879813
53,Southern Africa,NA,913,2030,0.6941060802566661
53,Southern Africa,NA,913,2035,0.7157353430076925
53,Southern Africa,NA,913,2040,0.7355965353661641
53,Southern Africa,NA,913,2045,0.7542317869330458
53,Southern Africa,NA,913,2050,0.7719289737454633
54,Botswana,NA,72,2015,0.67155
54,Botswana,NA,72,2020,0.7087699999999999
54,Botswana,NA,72,2025,0.7409300000000001
54,Botswana,NA,72,2030,0.76822
54,Botswana,NA,72,2035,0.7910299999999999
54,Botswana,NA,72,2040,0.80976
54,Botswana,NA,72,2045,0.82504
54,Botswana,NA,72,2050,0.83905
55,Lesotho,NA,426,2015,0.26908
55,Lesotho,NA,426,2020,0.29028
55,Lesotho,NA,426,2025,0.3139
55,Lesotho,NA,426,2030,0.34001
55,Lesotho,NA,426,2035,0.3685
55,Lesotho,NA,426,2040,0.39908
55,Lesotho,NA,426,2045,0.43097
55,Lesotho,NA,426,2050,0.46351
56,Namibia,NA,516,2015,0.469
56,Namibia,NA,516,2020,0.52033
56,Namibia,NA,516,2025,0.5668099999999999
56,Namibia,NA,516,2030,0.60762
56,Namibia,NA,516,2035,0.6423300000000001
56,Namibia,NA,516,2040,0.67077
56,Namibia,NA,516,2045,0.6949200000000001
56,Namibia,NA,516,2050,0.71807
57,South Africa,NA,710,2015,0.6482800000000001
57,South Africa,NA,710,2020,0.67354
57,South Africa,NA,710,2025,0.69773
57,South Africa,NA,710,2030,0.72065
57,South Africa,NA,710,2035,0.74209
57,South Africa,NA,710,2040,0.76184
57,South Africa,NA,710,2045,0.78045
57,South Africa,NA,710,2050,0.79798
58,Swaziland,NA,748,2015,0.233
58,Swaziland,NA,748,2020,0.24170999999999998
58,Swaziland,NA,748,2025,0.25245
58,Swaziland,NA,748,2030,0.26535
58,Swaziland,NA,748,2035,0.28056000000000003
58,Swaziland,NA,748,2040,0.29824
58,Swaziland,NA,748,2045,0.3177
58,Swaziland,NA,748,2050,0.33783
59,Western Africa,NA,914,2015,0.44451007430899003
59,Western Africa,NA,914,2020,0.476531998602649
59,Western Africa,NA,914,2025,0.5071790346621158
59,Western Africa,NA,914,2030,0.5361190707134093
59,Western Africa,NA,914,2035,0.5630395768717668
59,Western Africa,NA,914,2040,0.5885129324120949
59,Western Africa,NA,914,2045,0.6135690430312388
59,Western Africa,NA,914,2050,0.6380418728095738
60,Benin,NA,204,2015,0.45695
60,Benin,NA,204,2020,0.48414999999999997
60,Benin,NA,204,2025,0.51241
60,Benin,NA,204,2030,0.54138
60,Benin,NA,204,2035,0.5705899999999999
60,Benin,NA,204,2040,0.59931
60,Benin,NA,204,2045,0.6273
60,Benin,NA,204,2050,0.6544599999999999
61,Burkina Faso,NA,854,2015,0.2753
61,Burkina Faso,NA,854,2020,0.30607
61,Burkina Faso,NA,854,2025,0.33817
61,Burkina Faso,NA,854,2030,0.37115000000000004
61,Burkina Faso,NA,854,2035,0.40444
61,Burkina Faso,NA,854,2040,0.43721
61,Burkina Faso,NA,854,2045,0.46932
61,Burkina Faso,NA,854,2050,0.50171
62,Cabo Verde,NA,132,2015,0.643
62,Cabo Verde,NA,132,2020,0.66652
62,Cabo Verde,NA,132,2025,0.6883499999999999
62,Cabo Verde,NA,132,2030,0.70851
62,Cabo Verde,NA,132,2035,0.7270300000000001
62,Cabo Verde,NA,132,2040,0.7439199999999999
62,Cabo Verde,NA,132,2045,0.75959
62,Cabo Verde,NA,132,2050,0.77459
63,Côte d'Ivoire,NA,384,2015,0.49444000000000005
63,Côte d'Ivoire,NA,384,2020,0.5170600000000001
63,Côte d'Ivoire,NA,384,2025,0.54144
63,Côte d'Ivoire,NA,384,2030,0.5672999999999999
63,Côte d'Ivoire,NA,384,2035,0.59422
63,Côte d'Ivoire,NA,384,2040,0.62157
63,Côte d'Ivoire,NA,384,2045,0.64842
63,Côte d'Ivoire,NA,384,2050,0.6743600000000001
64,Gambia,NA,270,2015,0.59228
64,Gambia,NA,270,2020,0.62582
64,Gambia,NA,270,2025,0.6567799999999999
64,Gambia,NA,270,2030,0.68494
64,Gambia,NA,270,2035,0.71016
64,Gambia,NA,270,2040,0.73229
64,Gambia,NA,270,2045,0.75283
64,Gambia,NA,270,2050,0.77229
65,Ghana,NA,288,2015,0.54086
65,Ghana,NA,288,2020,0.5734899999999999
65,Ghana,NA,288,2025,0.60463
65,Ghana,NA,288,2030,0.6339
65,Ghana,NA,288,2035,0.6609099999999999
65,Ghana,NA,288,2040,0.6856
65,Ghana,NA,288,2045,0.70923
65,Ghana,NA,288,2050,0.73178
66,Guinea,NA,324,2015,0.35141
66,Guinea,NA,324,2020,0.36875
66,Guinea,NA,324,2025,0.38963000000000003
66,Guinea,NA,324,2030,0.41405000000000003
66,Guinea,NA,324,2035,0.44189
66,Guinea,NA,324,2040,0.47264
66,Guinea,NA,324,2045,0.50448
66,Guinea,NA,324,2050,0.53628
67,Guinea-Bissau,NA,624,2015,0.42123
67,Guinea-Bissau,NA,624,2020,0.44195999999999996
67,Guinea-Bissau,NA,624,2025,0.46322
67,Guinea-Bissau,NA,624,2030,0.48489
67,Guinea-Bissau,NA,624,2035,0.50683
67,Guinea-Bissau,NA,624,2040,0.5288
67,Guinea-Bissau,NA,624,2045,0.55066
67,Guinea-Bissau,NA,624,2050,0.5723199999999999
68,Liberia,NA,430,2015,0.4982
68,Liberia,NA,430,2020,0.52089
68,Liberia,NA,430,2025,0.54596
68,Liberia,NA,430,2030,0.573
68,Liberia,NA,430,2035,0.6012299999999999
68,Liberia,NA,430,2040,0.62913
68,Liberia,NA,430,2045,0.6562
68,Liberia,NA,430,2050,0.68229
69,Mali,NA,466,2015,0.39991
69,Mali,NA,466,2020,0.43909
69,Mali,NA,466,2025,0.47668999999999995
69,Mali,NA,466,2030,0.5118699999999999
69,Mali,NA,466,2035,0.54372
69,Mali,NA,466,2040,0.57378
69,Mali,NA,466,2045,0.60331
69,Mali,NA,466,2050,0.6321
70,Mauritania,NA,478,2015,0.51089
70,Mauritania,NA,478,2020,0.5532699999999999
70,Mauritania,NA,478,2025,0.59201
70,Mauritania,NA,478,2030,0.62662
70,Mauritania,NA,478,2035,0.6568
70,Mauritania,NA,478,2040,0.68238
70,Mauritania,NA,478,2045,0.70604
70,Mauritania,NA,478,2050,0.7286400000000001
71,Niger,NA,562,2015,0.16247
71,Niger,NA,562,2020,0.16626000000000002
71,Niger,NA,562,2025,0.17428000000000002
71,Niger,NA,562,2030,0.18695
71,Niger,NA,562,2035,0.20492000000000002
71,Niger,NA,562,2040,0.22868
71,Niger,NA,562,2045,0.25551999999999997
71,Niger,NA,562,2050,0.28434000000000004
72,Nigeria,NA,566,2015,0.47838
72,Nigeria,NA,566,2020,0.5195799999999999
72,Nigeria,NA,566,2025,0.55762
72,Nigeria,NA,566,2030,0.59189
72,Nigeria,NA,566,2035,0.62184
72,Nigeria,NA,566,2040,0.6485599999999999
72,Nigeria,NA,566,2045,0.6744100000000001
72,Nigeria,NA,566,2050,0.69923
73,Saint Helena,3,654,2015,0.3954
73,Saint Helena,3,654,2020,0.40082
73,Saint Helena,3,654,2025,0.41133000000000003
73,Saint Helena,3,654,2030,0.42700000000000005
73,Saint Helena,3,654,2035,0.44770000000000004
73,Saint Helena,3,654,2040,0.46981
73,Saint Helena,3,654,2045,0.49204000000000003
73,Saint Helena,3,654,2050,0.51429
74,Senegal,NA,686,2015,0.45862000000000003
74,Senegal,NA,686,2020,0.48122
74,Senegal,NA,686,2025,0.50589
74,Senegal,NA,686,2030,0.53237
74,Senegal,NA,686,2035,0.56025
74,Senegal,NA,686,2040,0.58888
74,Senegal,NA,686,2045,0.61723
74,Senegal,NA,686,2050,0.64479
75,Sierra Leone,NA,694,2015,0.40829
75,Sierra Leone,NA,694,2020,0.42923
75,Sierra Leone,NA,694,2025,0.45268
75,Sierra Leone,NA,694,2030,0.47848999999999997
75,Sierra Leone,NA,694,2035,0.5063799999999999
75,Sierra Leone,NA,694,2040,0.5358700000000001
75,Sierra Leone,NA,694,2045,0.56589
75,Sierra Leone,NA,694,2050,0.5954999999999999
76,Togo,NA,768,2015,0.401
76,Togo,NA,768,2020,0.428
76,Togo,NA,768,2025,0.45642000000000005
76,Togo,NA,768,2030,0.48599
76,Togo,NA,768,2035,0.51628
76,Togo,NA,768,2040,0.54665
76,Togo,NA,768,2045,0.57648
76,Togo,NA,768,2050,0.60578
77,ASIA,NA,935,2015,0.47962047752427106
77,ASIA,NA,935,2020,0.5107576107484352
77,ASIA,NA,935,2025,0.5395216883713746
77,ASIA,NA,935,2030,0.5665041885303284
77,ASIA,NA,935,2035,0.5920669941655854
77,ASIA,NA,935,2040,0.6162689761616542
77,ASIA,NA,935,2045,0.6391783334421942
77,ASIA,NA,935,2050,0.6618045540216798
78,Eastern Asia,NA,906,2015,0.5975047603649588
78,Eastern Asia,NA,906,2020,0.6482464931728968
78,Eastern Asia,NA,906,2025,0.6919610263843452
78,Eastern Asia,NA,906,2030,0.7282501739933894
78,Eastern Asia,NA,906,2035,0.7574716045138365
78,Eastern Asia,NA,906,2040,0.7802363811452537
78,Eastern Asia,NA,906,2045,0.7976393970894106
78,Eastern Asia,NA,906,2050,0.8135572303591679
79,China,4,156,2015,0.555
79,China,4,156,2020,0.6142799999999999
79,China,4,156,2025,0.6648099999999999
79,China,4,156,2030,0.70626
79,China,4,156,2035,0.7391800000000001
79,China,4,156,2040,0.76436
79,China,4,156,2045,0.78318
79,China,4,156,2050,0.8002800000000001
80,"China, Hong Kong SAR",5,344,2015,1
80,"China, Hong Kong SAR",5,344,2020,1
80,"China, Hong Kong SAR",5,344,2025,1
80,"China, Hong Kong SAR",5,344,2030,1
80,"China, Hong Kong SAR",5,344,2035,1
80,"China, Hong Kong SAR",5,344,2040,1
80,"China, Hong Kong SAR",5,344,2045,1
80,"China, Hong Kong SAR",5,344,2050,1
81,"China, Macao SAR",6,446,2015,1
81,"China, Macao SAR",6,446,2020,1
81,"China, Macao SAR",6,446,2025,1
81,"China, Macao SAR",6,446,2030,1
81,"China, Macao SAR",6,446,2035,1
81,"China, Macao SAR",6,446,2040,1
81,"China, Macao SAR",6,446,2045,1
81,"China, Macao SAR",6,446,2050,1
82,"China, Taiwan Province of China",NA,158,2015,0.76916
82,"China, Taiwan Province of China",NA,158,2020,0.7894199999999999
82,"China, Taiwan Province of China",NA,158,2025,0.8077
82,"China, Taiwan Province of China",NA,158,2030,0.82406
82,"China, Taiwan Province of China",NA,158,2035,0.83858
82,"China, Taiwan Province of China",NA,158,2040,0.85149
82,"China, Taiwan Province of China",NA,158,2045,0.8634999999999999
82,"China, Taiwan Province of China",NA,158,2050,0.87469
83,Dem. People's Republic of Korea,NA,408,2015,0.61277
83,Dem. People's Republic of Korea,NA,408,2020,0.62381
83,Dem. People's Republic of Korea,NA,408,2025,0.63815
83,Dem. People's Republic of Korea,NA,408,2030,0.65551
83,Dem. People's Republic of Korea,NA,408,2035,0.67553
83,Dem. People's Republic of Korea,NA,408,2040,0.6976399999999999
83,Dem. People's Republic of Korea,NA,408,2045,0.7202200000000001
83,Dem. People's Republic of Korea,NA,408,2050,0.74175
84,Japan,NA,392,2015,0.91381
84,Japan,NA,392,2020,0.91782
84,Japan,NA,392,2025,0.92226
84,Japan,NA,392,2030,0.92704
84,Japan,NA,392,2035,0.93207
84,Japan,NA,392,2040,0.9372400000000001
84,Japan,NA,392,2045,0.9423600000000001
84,Japan,NA,392,2050,0.9470999999999999
85,Mongolia,NA,496,2015,0.6823
85,Mongolia,NA,496,2020,0.68657
85,Mongolia,NA,496,2025,0.69452
85,Mongolia,NA,496,2030,0.70611
85,Mongolia,NA,496,2035,0.72103
85,Mongolia,NA,496,2040,0.73878
85,Mongolia,NA,496,2045,0.7583199999999999
85,Mongolia,NA,496,2050,0.77717
86,Republic of Korea,NA,410,2015,0.81634
86,Republic of Korea,NA,410,2020,0.81414
86,Republic of Korea,NA,410,2025,0.8155500000000001
86,Republic of Korea,NA,410,2030,0.82049
86,Republic of Korea,NA,410,2035,0.8287300000000001
86,Republic of Korea,NA,410,2040,0.83982
86,Republic of Korea,NA,410,2045,0.85249
86,Republic of Korea,NA,410,2050,0.86442
87,South-Central Asia,7,921,2015,0.34979006460311285
87,South-Central Asia,7,921,2020,0.3707851235182946
87,South-Central Asia,7,921,2025,0.3942563097064778
87,South-Central Asia,7,921,2030,0.4202437860065727
87,South-Central Asia,7,921,2035,0.4486276524270397
87,South-Central Asia,7,921,2040,0.47871787338373223
87,South-Central Asia,7,921,2045,0.5096211144797966
87,South-Central Asia,7,921,2050,0.5406039836591454
88,Central Asia,NA,5500,2015,0.4811370001355796
88,Central Asia,NA,5500,2020,0.4833493795536002
88,Central Asia,NA,5500,2025,0.4913129666243682
88,Central Asia,NA,5500,2030,0.505213101307799
88,Central Asia,NA,5500,2035,0.5247892102987072
88,Central Asia,NA,5500,2040,0.5492266927985461
88,Central Asia,NA,5500,2045,0.5768220172887959
88,Central Asia,NA,5500,2050,0.6045278348689231
89,Kazakhstan,NA,398,2015,0.57191
89,Kazakhstan,NA,398,2020,0.57671
89,Kazakhstan,NA,398,2025,0.58613
89,Kazakhstan,NA,398,2030,0.60024
89,Kazakhstan,NA,398,2035,0.61877
89,Kazakhstan,NA,398,2040,0.6412300000000001
89,Kazakhstan,NA,398,2045,0.6663899999999999
89,Kazakhstan,NA,398,2050,0.69105
90,Kyrgyzstan,NA,417,2015,0.35777000000000003
90,Kyrgyzstan,NA,417,2020,0.36856
90,Kyrgyzstan,NA,417,2025,0.38557
90,Kyrgyzstan,NA,417,2030,0.40893999999999997
90,Kyrgyzstan,NA,417,2035,0.43853000000000003
90,Kyrgyzstan,NA,417,2040,0.47076999999999997
90,Kyrgyzstan,NA,417,2045,0.50325
90,Kyrgyzstan,NA,417,2050,0.53571
91,Tajikistan,NA,762,2015,0.26742
91,Tajikistan,NA,762,2020,0.27506
91,Tajikistan,NA,762,2025,0.28836
91,Tajikistan,NA,762,2030,0.30768999999999996
91,Tajikistan,NA,762,2035,0.33342
91,Tajikistan,NA,762,2040,0.36434
91,Tajikistan,NA,762,2045,0.39665999999999996
91,Tajikistan,NA,762,2050,0.42991
92,Turkmenistan,NA,795,2015,0.50317
92,Turkmenistan,NA,795,2020,0.52516
92,Turkmenistan,NA,795,2025,0.55058
92,Turkmenistan,NA,795,2030,0.57878
92,Turkmenistan,NA,795,2035,0.60754
92,Turkmenistan,NA,795,2040,0.63557
92,Turkmenistan,NA,795,2045,0.66271
92,Turkmenistan,NA,795,2050,0.6888200000000001
93,Uzbekistan,NA,860,2015,0.5075
93,Uzbekistan,NA,860,2020,0.5041599999999999
93,Uzbekistan,NA,860,2025,0.50747
93,Uzbekistan,NA,860,2030,0.51768
93,Uzbekistan,NA,860,2035,0.53468
93,Uzbekistan,NA,860,2040,0.55817
93,Uzbekistan,NA,860,2045,0.5866899999999999
93,Uzbekistan,NA,860,2050,0.61534
94,Southern Asia,NA,5501,2015,0.344840714558387
94,Southern Asia,NA,5501,2020,0.3664921128210651
94,Southern Asia,NA,5501,2025,0.39053564605265656
94,Southern Asia,NA,5501,2030,0.41698057179831877
94,Southern Asia,NA,5501,2035,0.4456921447638583
94,Southern Asia,NA,5501,2040,0.47597921922535763
94,Southern Asia,NA,5501,2045,0.5069839938095166
94,Southern Asia,NA,5501,2050,0.5380695874638135
95,Afghanistan,NA,4,2015,0.24803
95,Afghanistan,NA,4,2020,0.26026
95,Afghanistan,NA,4,2025,0.27613
95,Afghanistan,NA,4,2030,0.29589
95,Afghanistan,NA,4,2035,0.31978
95,Afghanistan,NA,4,2040,0.34787999999999997
95,Afghanistan,NA,4,2045,0.37923
95,Afghanistan,NA,4,2050,0.41174
96,Bangladesh,NA,50,2015,0.34308
96,Bangladesh,NA,50,2020,0.38177
96,Bangladesh,NA,50,2025,0.41981999999999997
96,Bangladesh,NA,50,2030,0.45634
96,Bangladesh,NA,50,2035,0.49038
96,Bangladesh,NA,50,2040,0.52178
96,Bangladesh,NA,50,2045,0.5528799999999999
96,Bangladesh,NA,50,2050,0.58356
97,Bhutan,NA,64,2015,0.38677999999999996
97,Bhutan,NA,64,2020,0.42316000000000004
97,Bhutan,NA,64,2025,0.45636000000000004
97,Bhutan,NA,64,2030,0.48583
97,Bhutan,NA,64,2035,0.51121
97,Bhutan,NA,64,2040,0.53328
97,Bhutan,NA,64,2045,0.55505
97,Bhutan,NA,64,2050,0.5766100000000001
98,India,NA,356,2015,0.32777
98,India,NA,356,2020,0.34926
98,India,NA,356,2025,0.37383000000000005
98,India,NA,356,2030,0.40142000000000005
98,India,NA,356,2035,0.43172
98,India,NA,356,2040,0.46369
98,India,NA,356,2045,0.49603
98,India,NA,356,2050,0.52841
99,Iran (Islamic Republic of),NA,364,2015,0.73358
99,Iran (Islamic Republic of),NA,364,2020,0.75874
99,Iran (Islamic Republic of),NA,364,2025,0.78128
99,Iran (Islamic Republic of),NA,364,2030,0.8012900000000001
99,Iran (Islamic Republic of),NA,364,2035,0.81889
99,Iran (Islamic Republic of),NA,364,2040,0.8342400000000001
99,Iran (Islamic Republic of),NA,364,2045,0.8475499999999999
99,Iran (Islamic Republic of),NA,364,2050,0.8598399999999999
100,Maldives,NA,462,2015,0.38529
100,Maldives,NA,462,2020,0.40669
100,Maldives,NA,462,2025,0.42845
100,Maldives,NA,462,2030,0.45045999999999997
100,Maldives,NA,462,2035,0.47261000000000003
100,Maldives,NA,462,2040,0.49471
100,Maldives,NA,462,2045,0.5167499999999999
100,Maldives,NA,462,2050,0.5387299999999999
101,Nepal,NA,524,2015,0.18556999999999998
101,Nepal,NA,524,2020,0.20576
101,Nepal,NA,524,2025,0.22838
101,Nepal,NA,524,2030,0.2535
101,Nepal,NA,524,2035,0.28099
101,Nepal,NA,524,2040,0.31036
101,Nepal,NA,524,2045,0.34136000000000005
101,Nepal,NA,524,2050,0.37378
102,Pakistan,NA,586,2015,0.36026
102,Pakistan,NA,586,2020,0.37165
102,Pakistan,NA,586,2025,0.38708
102,Pakistan,NA,586,2030,0.4068
102,Pakistan,NA,586,2035,0.43082
102,Pakistan,NA,586,2040,0.45897
102,Pakistan,NA,586,2045,0.49027
102,Pakistan,NA,586,2050,0.5220199999999999
103,Sri Lanka,NA,144,2015,0.18256
103,Sri Lanka,NA,144,2020,0.18713000000000002
103,Sri Lanka,NA,144,2025,0.19640999999999997
103,Sri Lanka,NA,144,2030,0.21085
103,Sri Lanka,NA,144,2035,0.23111
103,Sri Lanka,NA,144,2040,0.2572
103,Sri Lanka,NA,144,2045,0.28579
103,Sri Lanka,NA,144,2050,0.31621
104,South-Eastern Asia,NA,920,2015,0.47180453768125125
104,South-Eastern Asia,NA,920,2020,0.4998665690202163
104,South-Eastern Asia,NA,920,2025,0.5278273710651986
104,South-Eastern Asia,NA,920,2030,0.555634482353415
104,South-Eastern Asia,NA,920,2035,0.5830453895594887
104,South-Eastern Asia,NA,920,2040,0.6097151562375211
104,South-Eastern Asia,NA,920,2045,0.635375968872892
104,South-Eastern Asia,NA,920,2050,0.6604158741967966
105,Brunei Darussalam,NA,96,2015,0.7666299999999999
105,Brunei Darussalam,NA,96,2020,0.7825
105,Brunei Darussalam,NA,96,2025,0.79726
105,Brunei Darussalam,NA,96,2030,0.81093
105,Brunei Darussalam,NA,96,2035,0.82355
105,Brunei Darussalam,NA,96,2040,0.83525
105,Brunei Darussalam,NA,96,2045,0.84631
105,Brunei Darussalam,NA,96,2050,0.85675
106,Cambodia,NA,116,2015,0.22188
106,Cambodia,NA,116,2020,0.24231999999999998
106,Cambodia,NA,116,2025,0.2651
106,Cambodia,NA,116,2030,0.29034
106,Cambodia,NA,116,2035,0.31798
106,Cambodia,NA,116,2040,0.3478
106,Cambodia,NA,116,2045,0.37912999999999997
106,Cambodia,NA,116,2050,0.41153
107,Indonesia,NA,360,2015,0.53313
107,Indonesia,NA,360,2020,0.56641
107,Indonesia,NA,360,2025,0.59828
107,Indonesia,NA,360,2030,0.62841
107,Indonesia,NA,360,2035,0.65646
107,Indonesia,NA,360,2040,0.68207
107,Indonesia,NA,360,2045,0.70557
107,Indonesia,NA,360,2050,0.7280500000000001
108,Lao People's Democratic Republic,NA,418,2015,0.33108
108,Lao People's Democratic Republic,NA,418,2020,0.3629
108,Lao People's Democratic Republic,NA,418,2025,0.39566
108,Lao People's Democratic Republic,NA,418,2030,0.42890999999999996
108,Lao People's Democratic Republic,NA,418,2035,0.46207
108,Lao People's Democratic Republic,NA,418,2040,0.49439
108,Lao People's Democratic Republic,NA,418,2045,0.52566
108,Lao People's Democratic Republic,NA,418,2050,0.55677
109,Malaysia,8,458,2015,0.74213
109,Malaysia,8,458,2020,0.7716
109,Malaysia,8,458,2025,0.7967
109,Malaysia,8,458,2030,0.81786
109,Malaysia,8,458,2035,0.8354900000000001
109,Malaysia,8,458,2040,0.8499800000000001
109,Malaysia,8,458,2045,0.86206
109,Malaysia,8,458,2050,0.8732500000000001
110,Myanmar,NA,104,2015,0.29858
110,Myanmar,NA,104,2020,0.31140999999999996
110,Myanmar,NA,104,2025,0.32846
110,Myanmar,NA,104,2030,0.34990000000000004
110,Myanmar,NA,104,2035,0.37587000000000004
110,Myanmar,NA,104,2040,0.40615
110,Myanmar,NA,104,2045,0.43848
110,Myanmar,NA,104,2050,0.47134
111,Philippines,NA,608,2015,0.46284
111,Philippines,NA,608,2020,0.47408
111,Philippines,NA,608,2025,0.48957999999999996
111,Philippines,NA,608,2030,0.50924
111,Philippines,NA,608,2035,0.5328499999999999
111,Philippines,NA,608,2040,0.55999
111,Philippines,NA,608,2045,0.58912
111,Philippines,NA,608,2050,0.61777
112,Singapore,NA,702,2015,1
112,Singapore,NA,702,2020,1
112,Singapore,NA,702,2025,1
112,Singapore,NA,702,2030,1
112,Singapore,NA,702,2035,1
112,Singapore,NA,702,2040,1
112,Singapore,NA,702,2045,1
112,Singapore,NA,702,2050,1
113,Thailand,NA,764,2015,0.47694000000000003
113,Thailand,NA,764,2020,0.5143
113,Thailand,NA,764,2025,0.5502400000000001
113,Thailand,NA,764,2030,0.5842
113,Thailand,NA,764,2035,0.61574
113,Thailand,NA,764,2040,0.64447
113,Thailand,NA,764,2045,0.67018
113,Thailand,NA,764,2050,0.69463
114,Timor-Leste,NA,626,2015,0.2949
114,Timor-Leste,NA,626,2020,0.3132
114,Timor-Leste,NA,626,2025,0.3323
114,Timor-Leste,NA,626,2030,0.35217
114,Timor-Leste,NA,626,2035,0.37274
114,Timor-Leste,NA,626,2040,0.39391
114,Timor-Leste,NA,626,2045,0.41552
114,Timor-Leste,NA,626,2050,0.43746
115,Viet Nam,NA,704,2015,0.33809
115,Viet Nam,NA,704,2020,0.3734
115,Viet Nam,NA,704,2025,0.40909
115,Viet Nam,NA,704,2030,0.44455
115,Viet Nam,NA,704,2035,0.47909
115,Viet Nam,NA,704,2040,0.51196
115,Viet Nam,NA,704,2045,0.54281
115,Viet Nam,NA,704,2050,0.57325
116,Western Asia,NA,922,2015,0.7037083359893576
116,Western Asia,NA,922,2020,0.723362055516517
116,Western Asia,NA,922,2025,0.7382233381001544
116,Western Asia,NA,922,2030,0.7537330377698254
116,Western Asia,NA,922,2035,0.7694559285270993
116,Western Asia,NA,922,2040,0.7848554824514872
116,Western Asia,NA,922,2045,0.7998182583754553
116,Western Asia,NA,922,2050,0.8143001822578162
117,Armenia,NA,51,2015,0.63085
117,Armenia,NA,51,2020,0.63313
117,Armenia,NA,51,2025,0.64142
117,Armenia,NA,51,2030,0.6554800000000001
117,Armenia,NA,51,2035,0.67484
117,Armenia,NA,51,2040,0.69804
117,Armenia,NA,51,2045,0.72083
117,Armenia,NA,51,2050,0.74253
118,Azerbaijan,9,31,2015,0.54714
118,Azerbaijan,9,31,2020,0.56397
118,Azerbaijan,9,31,2025,0.58431
118,Azerbaijan,9,31,2030,0.60779
118,Azerbaijan,9,31,2035,0.63376
118,Azerbaijan,9,31,2040,0.66
118,Azerbaijan,9,31,2045,0.68529
118,Azerbaijan,9,31,2050,0.70953
119,Bahrain,NA,48,2015,0.88999
119,Bahrain,NA,48,2020,0.89506
119,Bahrain,NA,48,2025,0.90133
119,Bahrain,NA,48,2030,0.90828
119,Bahrain,NA,48,2035,0.91484
119,Bahrain,NA,48,2040,0.92096
119,Bahrain,NA,48,2045,0.9266800000000001
119,Bahrain,NA,48,2050,0.93202
120,Cyprus,10,196,2015,0.6694599999999999
120,Cyprus,10,196,2020,0.66821
120,Cyprus,10,196,2025,0.6719799999999999
120,Cyprus,10,196,2030,0.6806699999999999
120,Cyprus,10,196,2035,0.69407
120,Cyprus,10,196,2040,0.7112
120,Cyprus,10,196,2045,0.72828
120,Cyprus,10,196,2050,0.7447199999999999
121,Georgia,11,268,2015,0.57448
121,Georgia,11,268,2020,0.59453
121,Georgia,11,268,2025,0.61603
121,Georgia,11,268,2030,0.63871
121,Georgia,11,268,2035,0.6622100000000001
121,Georgia,11,268,2040,0.6860200000000001
121,Georgia,11,268,2045,0.70929
121,Georgia,11,268,2050,0.73153
122,Iraq,NA,368,2015,0.6992100000000001
122,Iraq,NA,368,2020,0.7089300000000001
122,Iraq,NA,368,2025,0.7211700000000001
122,Iraq,NA,368,2030,0.73564
122,Iraq,NA,368,2035,0.752
122,Iraq,NA,368,2040,0.7697499999999999
122,Iraq,NA,368,2045,0.78764
122,Iraq,NA,368,2050,0.80451
123,Israel,NA,376,2015,0.92179
123,Israel,NA,376,2020,0.9258700000000001
123,Israel,NA,376,2025,0.93039
123,Israel,NA,376,2030,0.93525
123,Israel,NA,376,2035,0.94033
123,Israel,NA,376,2040,0.9452200000000001
123,Israel,NA,376,2045,0.94973
123,Israel,NA,376,2050,0.9538899999999999
124,Jordan,NA,400,2015,0.90256
124,Jordan,NA,400,2020,0.9141800000000001
124,Jordan,NA,400,2025,0.9238500000000001
124,Jordan,NA,400,2030,0.93187
124,Jordan,NA,400,2035,0.93851
124,Jordan,NA,400,2040,0.94399
124,Jordan,NA,400,2045,0.9485899999999999
124,Jordan,NA,400,2050,0.95282
125,Kuwait,NA,414,2015,1
125,Kuwait,NA,414,2020,1
125,Kuwait,NA,414,2025,1
125,Kuwait,NA,414,2030,1
125,Kuwait,NA,414,2035,1
125,Kuwait,NA,414,2040,1
125,Kuwait,NA,414,2045,1
125,Kuwait,NA,414,2050,1
126,Lebanon,NA,422,2015,0.88106
126,Lebanon,NA,422,2020,0.88925
126,Lebanon,NA,422,2025,0.89774
126,Lebanon,NA,422,2030,0.90604
126,Lebanon,NA,422,2035,0.91374
126,Lebanon,NA,422,2040,0.92086
126,Lebanon,NA,422,2045,0.92744
126,Lebanon,NA,422,2050,0.93352
127,Oman,NA,512,2015,0.8134999999999999
127,Oman,NA,512,2020,0.86276
127,Oman,NA,512,2025,0.89547
127,Oman,NA,512,2030,0.91687
127,Oman,NA,512,2035,0.9306
127,Oman,NA,512,2040,0.9389700000000001
127,Oman,NA,512,2045,0.9440900000000001
127,Oman,NA,512,2050,0.94869
128,Qatar,NA,634,2015,0.9894499999999999
128,Qatar,NA,634,2020,0.99235
128,Qatar,NA,634,2025,0.99417
128,Qatar,NA,634,2030,0.99532
128,Qatar,NA,634,2035,0.99604
128,Qatar,NA,634,2040,0.9964799999999999
128,Qatar,NA,634,2045,0.99677
128,Qatar,NA,634,2050,0.9970399999999999
129,Saudi Arabia,NA,682,2015,0.8318000000000001
129,Saudi Arabia,NA,682,2020,0.84287
129,Saudi Arabia,NA,682,2025,0.8539100000000001
129,Saudi Arabia,NA,682,2030,0.86481
129,Saudi Arabia,NA,682,2035,0.87542
129,Saudi Arabia,NA,682,2040,0.88548
129,Saudi Arabia,NA,682,2045,0.89483
129,Saudi Arabia,NA,682,2050,0.9035
130,State of Palestine,12,275,2015,0.7536799999999999
130,State of Palestine,12,275,2020,0.7671899999999999
130,State of Palestine,12,275,2025,0.78176
130,State of Palestine,12,275,2030,0.79707
130,State of Palestine,12,275,2035,0.81267
130,State of Palestine,12,275,2040,0.82757
130,State of Palestine,12,275,2045,0.84152
130,State of Palestine,12,275,2050,0.85454
131,Syrian Arab Republic,NA,760,2015,0.52168
131,Syrian Arab Republic,NA,760,2020,0.55475
131,Syrian Arab Republic,NA,760,2025,0.58673
131,Syrian Arab Republic,NA,760,2030,0.61722
131,Syrian Arab Republic,NA,760,2035,0.64589
131,Syrian Arab Republic,NA,760,2040,0.6724
131,Syrian Arab Republic,NA,760,2045,0.69651
131,Syrian Arab Republic,NA,760,2050,0.7193999999999999
132,Turkey,NA,792,2015,0.73611
132,Turkey,NA,792,2020,0.76105
132,Turkey,NA,792,2025,0.7831199999999999
132,Turkey,NA,792,2030,0.80247
132,Turkey,NA,792,2035,0.81923
132,Turkey,NA,792,2040,0.83369
132,Turkey,NA,792,2045,0.8470399999999999
132,Turkey,NA,792,2050,0.8595099999999999
133,United Arab Emirates,NA,784,2015,0.8567400000000001
133,United Arab Emirates,NA,784,2020,0.87048
133,United Arab Emirates,NA,784,2025,0.8823000000000001
133,United Arab Emirates,NA,784,2030,0.89242
133,United Arab Emirates,NA,784,2035,0.90116
133,United Arab Emirates,NA,784,2040,0.90925
133,United Arab Emirates,NA,784,2045,0.91673
133,United Arab Emirates,NA,784,2050,0.92364
134,Yemen,NA,887,2015,0.34777
134,Yemen,NA,887,2020,0.37908000000000003
134,Yemen,NA,887,2025,0.41125
134,Yemen,NA,887,2030,0.44356
134,Yemen,NA,887,2035,0.47562
134,Yemen,NA,887,2040,0.5079
134,Yemen,NA,887,2045,0.54012
134,Yemen,NA,887,2050,0.57201
135,EUROPE,NA,908,2015,0.7385757332901445
135,EUROPE,NA,908,2020,0.7488451624342105
135,EUROPE,NA,908,2025,0.7609324058549355
135,EUROPE,NA,908,2030,0.7747460429734674
135,EUROPE,NA,908,2035,0.7899728087152191
135,EUROPE,NA,908,2040,0.8060373209243936
135,EUROPE,NA,908,2045,0.8218618217467604
135,EUROPE,NA,908,2050,0.8367185192078209
136,Eastern Europe,NA,923,2015,0.6927561971764454
136,Eastern Europe,NA,923,2020,0.6991483717151289
136,Eastern Europe,NA,923,2025,0.7090671580800002
136,Eastern Europe,NA,923,2030,0.7223242866910113
136,Eastern Europe,NA,923,2035,0.7386489984063838
136,Eastern Europe,NA,923,2040,0.7572645085660991
136,Eastern Europe,NA,923,2045,0.7761740248993602
136,Eastern Europe,NA,923,2050,0.7941930302796852
137,Belarus,NA,112,2015,0.77181
137,Belarus,NA,112,2020,0.79483
137,Belarus,NA,112,2025,0.81509
137,Belarus,NA,112,2030,0.8327500000000001
137,Belarus,NA,112,2035,0.8480500000000001
137,Belarus,NA,112,2040,0.86119
137,Belarus,NA,112,2045,0.8724500000000001
137,Belarus,NA,112,2050,0.8828
138,Bulgaria,NA,100,2015,0.7399
138,Bulgaria,NA,100,2020,0.7568600000000001
138,Bulgaria,NA,100,2025,0.77373
138,Bulgaria,NA,100,2030,0.7902899999999999
138,Bulgaria,NA,100,2035,0.80635
138,Bulgaria,NA,100,2040,0.8216
138,Bulgaria,NA,100,2045,0.8359099999999999
138,Bulgaria,NA,100,2050,0.8492700000000001
139,Czechia,NA,203,2015,0.73477
139,Czechia,NA,203,2020,0.7406100000000001
139,Czechia,NA,203,2025,0.7493500000000001
139,Czechia,NA,203,2030,0.7607299999999999
139,Czechia,NA,203,2035,0.7744199999999999
139,Czechia,NA,203,2040,0.78999
139,Czechia,NA,203,2045,0.80633
139,Czechia,NA,203,2050,0.82178
140,Hungary,NA,348,2015,0.705
140,Hungary,NA,348,2020,0.71942
140,Hungary,NA,348,2025,0.7349800000000001
140,Hungary,NA,348,2030,0.75142
140,Hungary,NA,348,2035,0.7684399999999999
140,Hungary,NA,348,2040,0.7857
140,Hungary,NA,348,2045,0.8024800000000001
140,Hungary,NA,348,2050,0.81825
141,Poland,NA,616,2015,0.60278
141,Poland,NA,616,2020,0.60043
141,Poland,NA,616,2025,0.60467
141,Poland,NA,616,2030,0.61539
141,Poland,NA,616,2035,0.63231
141,Poland,NA,616,2040,0.65482
141,Poland,NA,616,2045,0.67985
141,Poland,NA,616,2050,0.7039
142,Republic of Moldova,13,498,2015,0.4249
142,Republic of Moldova,13,498,2020,0.42849
142,Republic of Moldova,13,498,2025,0.43851999999999997
142,Republic of Moldova,13,498,2030,0.45500999999999997
142,Republic of Moldova,13,498,2035,0.47792999999999997
142,Republic of Moldova,13,498,2040,0.50688
142,Republic of Moldova,13,498,2045,0.5379999999999999
142,Republic of Moldova,13,498,2050,0.56884
143,Romania,NA,642,2015,0.53887
143,Romania,NA,642,2020,0.54194
143,Romania,NA,642,2025,0.55113
143,Romania,NA,642,2030,0.5663
143,Romania,NA,642,2035,0.58717
143,Romania,NA,642,2040,0.61309
143,Romania,NA,642,2045,0.64034
143,Romania,NA,642,2050,0.66672
144,Russian Federation,NA,643,2015,0.7404999999999999
144,Russian Federation,NA,643,2020,0.7475400000000001
144,Russian Federation,NA,643,2025,0.75776
144,Russian Federation,NA,643,2030,0.7708400000000001
144,Russian Federation,NA,643,2035,0.7863
144,Russian Federation,NA,643,2040,0.80289
144,Russian Federation,NA,643,2045,0.8185899999999999
144,Russian Federation,NA,643,2050,0.8332999999999999
145,Slovakia,NA,703,2015,0.53889
145,Slovakia,NA,703,2020,0.5376
145,Slovakia,NA,703,2025,0.54347
145,Slovakia,NA,703,2030,0.55639
145,Slovakia,NA,703,2035,0.57614
145,Slovakia,NA,703,2040,0.60207
145,Slovakia,NA,703,2045,0.62983
145,Slovakia,NA,703,2050,0.65676
146,Ukraine,14,804,2015,0.6906100000000001
146,Ukraine,14,804,2020,0.69608
146,Ukraine,14,804,2025,0.70487
146,Ukraine,14,804,2030,0.71691
146,Ukraine,14,804,2035,0.7318600000000001
146,Ukraine,14,804,2040,0.74926
146,Ukraine,14,804,2045,0.7681600000000001
146,Ukraine,14,804,2050,0.78632
147,Northern Europe,NA,924,2015,0.814208039528332
147,Northern Europe,NA,924,2020,0.8264285169039916
147,Northern Europe,NA,924,2025,0.8384128199127917
147,Northern Europe,NA,924,2030,0.8501201261443376
147,Northern Europe,NA,924,2035,0.861446940979549
147,Northern Europe,NA,924,2040,0.8722901702840653
147,Northern Europe,NA,924,2045,0.8825612889340978
147,Northern Europe,NA,924,2050,0.8921512034077683
148,Channel Islands,15,830,2015,0.30962
148,Channel Islands,15,830,2020,0.30963
148,Channel Islands,15,830,2025,0.31371
148,Channel Islands,15,830,2030,0.32194
148,Channel Islands,15,830,2035,0.33448
148,Channel Islands,15,830,2040,0.35152
148,Channel Islands,15,830,2045,0.37223
148,Channel Islands,15,830,2050,0.39359
149,Denmark,NA,208,2015,0.8752599999999999
149,Denmark,NA,208,2020,0.8811599999999999
149,Denmark,NA,208,2025,0.88759
149,Denmark,NA,208,2030,0.89446
149,Denmark,NA,208,2035,0.90164
149,Denmark,NA,208,2040,0.90901
149,Denmark,NA,208,2045,0.91634
149,Denmark,NA,208,2050,0.9231900000000001
150,Estonia,NA,233,2015,0.68416
150,Estonia,NA,233,2020,0.69229
150,Estonia,NA,233,2025,0.70235
150,Estonia,NA,233,2030,0.71421
150,Estonia,NA,233,2035,0.7276900000000001
150,Estonia,NA,233,2040,0.74259
150,Estonia,NA,233,2045,0.75824
150,Estonia,NA,233,2050,0.7732899999999999
151,Faeroe Islands,NA,234,2015,0.41638
151,Faeroe Islands,NA,234,2020,0.42398
151,Faeroe Islands,NA,234,2025,0.43437
151,Faeroe Islands,NA,234,2030,0.44770000000000004
151,Faeroe Islands,NA,234,2035,0.46399
151,Faeroe Islands,NA,234,2040,0.4832
151,Faeroe Islands,NA,234,2045,0.50491
151,Faeroe Islands,NA,234,2050,0.52692
152,Finland,16,246,2015,0.85225
152,Finland,16,246,2020,0.85517
152,Finland,16,246,2025,0.85978
152,Finland,16,246,2030,0.86598
152,Finland,16,246,2035,0.8735599999999999
152,Finland,16,246,2040,0.88227
152,Finland,16,246,2045,0.8916200000000001
152,Finland,16,246,2050,0.90045
153,Iceland,NA,352,2015,0.937
153,Iceland,NA,352,2020,0.9389799999999999
153,Iceland,NA,352,2025,0.94147
153,Iceland,NA,352,2030,0.9444
153,Iceland,NA,352,2035,0.94769
153,Iceland,NA,352,2040,0.95126
153,Iceland,NA,352,2045,0.95486
153,Iceland,NA,352,2050,0.95821
154,Ireland,NA,372,2015,0.6253799999999999
154,Ireland,NA,372,2020,0.63653
154,Ireland,NA,372,2025,0.65065
154,Ireland,NA,372,2030,0.66751
154,Ireland,NA,372,2035,0.68675
154,Ireland,NA,372,2040,0.70786
154,Ireland,NA,372,2045,0.72968
154,Ireland,NA,372,2050,0.7505200000000001
155,Isle of Man,NA,833,2015,0.52245
155,Isle of Man,NA,833,2020,0.52898
155,Isle of Man,NA,833,2025,0.53951
155,Isle of Man,NA,833,2030,0.55397
155,Isle of Man,NA,833,2035,0.57225
155,Isle of Man,NA,833,2040,0.59319
155,Isle of Man,NA,833,2045,0.61395
155,Isle of Man,NA,833,2050,0.6343
156,Latvia,NA,428,2015,0.6798000000000001
156,Latvia,NA,428,2020,0.6831499999999999
156,Latvia,NA,428,2025,0.6897199999999999
156,Latvia,NA,428,2030,0.6994
156,Latvia,NA,428,2035,0.71199
156,Latvia,NA,428,2040,0.72722
156,Latvia,NA,428,2045,0.74361
156,Latvia,NA,428,2050,0.75934
157,Lithuania,NA,440,2015,0.6723
157,Lithuania,NA,440,2020,0.6804600000000001
157,Lithuania,NA,440,2025,0.6919
157,Lithuania,NA,440,2030,0.70638
157,Lithuania,NA,440,2035,0.7234999999999999
157,Lithuania,NA,440,2040,0.74272
157,Lithuania,NA,440,2045,0.7624500000000001
157,Lithuania,NA,440,2050,0.7811199999999999
158,Norway,17,578,2015,0.8109099999999999
158,Norway,17,578,2020,0.82974
158,Norway,17,578,2025,0.8463200000000001
158,Norway,17,578,2030,0.86083
158,Norway,17,578,2035,0.87345
158,Norway,17,578,2040,0.88436
158,Norway,17,578,2045,0.8937900000000001
158,Norway,17,578,2050,0.9024500000000001
159,Sweden,NA,752,2015,0.86553
159,Sweden,NA,752,2020,0.87977
159,Sweden,NA,752,2025,0.89208
159,Sweden,NA,752,2030,0.90266
159,Sweden,NA,752,2035,0.91172
159,Sweden,NA,752,2040,0.9194599999999999
159,Sweden,NA,752,2045,0.92609
159,Sweden,NA,752,2050,0.93215
160,United Kingdom,NA,826,2015,0.82626
160,United Kingdom,NA,826,2020,0.83903
160,United Kingdom,NA,826,2025,0.85124
160,United Kingdom,NA,826,2030,0.86285
160,United Kingdom,NA,826,2035,0.87378
160,United Kingdom,NA,826,2040,0.88395
160,United Kingdom,NA,826,2045,0.8934099999999999
160,United Kingdom,NA,826,2050,0.90218
161,Southern Europe,NA,925,2015,0.7059639727468237
161,Southern Europe,NA,925,2020,0.7214777935124951
161,Southern Europe,NA,925,2025,0.7376526853368
161,Southern Europe,NA,925,2030,0.7544461154236172
161,Southern Europe,NA,925,2035,0.7715670376341464
161,Southern Europe,NA,925,2040,0.7886603060785611
161,Southern Europe,NA,925,2045,0.8052621236403517
161,Southern Europe,NA,925,2050,0.8208527388588852
162,Albania,NA,8,2015,0.57434
162,Albania,NA,8,2020,0.62112
162,Albania,NA,8,2025,0.6613
162,Albania,NA,8,2030,0.6948399999999999
162,Albania,NA,8,2035,0.72197
162,Albania,NA,8,2040,0.74349
162,Albania,NA,8,2045,0.76335
162,Albania,NA,8,2050,0.78213
163,Andorra,NA,20,2015,0.88345
163,Andorra,NA,20,2020,0.8791599999999999
163,Andorra,NA,20,2025,0.87732
163,Andorra,NA,20,2030,0.87812
163,Andorra,NA,20,2035,0.88153
163,Andorra,NA,20,2040,0.88735
163,Andorra,NA,20,2045,0.89497
163,Andorra,NA,20,2050,0.90239
164,Bosnia and Herzegovina,NA,70,2015,0.47173000000000004
164,Bosnia and Herzegovina,NA,70,2020,0.4902
164,Bosnia and Herzegovina,NA,70,2025,0.51159
164,Bosnia and Herzegovina,NA,70,2030,0.5357
164,Bosnia and Herzegovina,NA,70,2035,0.56218
164,Bosnia and Herzegovina,NA,70,2040,0.59037
164,Bosnia and Herzegovina,NA,70,2045,0.61864
164,Bosnia and Herzegovina,NA,70,2050,0.64614
165,Croatia,NA,191,2015,0.56155
165,Croatia,NA,191,2020,0.57553
165,Croatia,NA,191,2025,0.59329
165,Croatia,NA,191,2030,0.61454
165,Croatia,NA,191,2035,0.63874
165,Croatia,NA,191,2040,0.6644199999999999
165,Croatia,NA,191,2045,0.6892900000000001
165,Croatia,NA,191,2050,0.7131000000000001
166,Gibraltar,NA,292,2015,1
166,Gibraltar,NA,292,2020,1
166,Gibraltar,NA,292,2025,1
166,Gibraltar,NA,292,2030,1
166,Gibraltar,NA,292,2035,1
166,Gibraltar,NA,292,2040,1
166,Gibraltar,NA,292,2045,1
166,Gibraltar,NA,292,2050,1
167,Greece,NA,300,2015,0.78046
167,Greece,NA,300,2020,0.79715
167,Greece,NA,300,2025,0.81292
167,Greece,NA,300,2030,0.82772
167,Greece,NA,300,2035,0.84147
167,Greece,NA,300,2040,0.85413
167,Greece,NA,300,2045,0.8659399999999999
167,Greece,NA,300,2050,0.87693
168,Holy See,18,336,2015,1
168,Holy See,18,336,2020,1
168,Holy See,18,336,2025,1
168,Holy See,18,336,2030,1
168,Holy See,18,336,2035,1
168,Holy See,18,336,2040,1
168,Holy See,18,336,2045,1
168,Holy See,18,336,2050,1
169,Italy,NA,380,2015,0.69565
169,Italy,NA,380,2020,0.71039
169,Italy,NA,380,2025,0.72614
169,Italy,NA,380,2030,0.74274
169,Italy,NA,380,2035,0.75992
169,Italy,NA,380,2040,0.77735
169,Italy,NA,380,2045,0.79455
169,Italy,NA,380,2050,0.81082
170,Malta,NA,470,2015,0.94414
170,Malta,NA,470,2020,0.94744
170,Malta,NA,470,2025,0.95072
170,Malta,NA,470,2030,0.95394
170,Malta,NA,470,2035,0.95711
170,Malta,NA,470,2040,0.9601900000000001
170,Malta,NA,470,2045,0.9631399999999999
170,Malta,NA,470,2050,0.96589
171,Montenegro,NA,499,2015,0.65806
171,Montenegro,NA,499,2020,0.67488
171,Montenegro,NA,499,2025,0.69179
171,Montenegro,NA,499,2030,0.70869
171,Montenegro,NA,499,2035,0.7254600000000001
171,Montenegro,NA,499,2040,0.7419
171,Montenegro,NA,499,2045,0.7576999999999999
171,Montenegro,NA,499,2050,0.77283
172,Portugal,NA,620,2015,0.63514
172,Portugal,NA,620,2020,0.6631
172,Portugal,NA,620,2025,0.6893300000000001
172,Portugal,NA,620,2030,0.71366
172,Portugal,NA,620,2035,0.73588
172,Portugal,NA,620,2040,0.75605
172,Portugal,NA,620,2045,0.77511
172,Portugal,NA,620,2050,0.79309
173,San Marino,NA,674,2015,0.9673900000000001
173,San Marino,NA,674,2020,0.9749899999999999
173,San Marino,NA,674,2025,0.98021
173,San Marino,NA,674,2030,0.9837699999999999
173,San Marino,NA,674,2035,0.98618
173,San Marino,NA,674,2040,0.98779
173,San Marino,NA,674,2045,0.98882
173,San Marino,NA,674,2050,0.9896699999999999
174,Serbia,19,688,2015,0.55696
174,Serbia,19,688,2020,0.56446
174,Serbia,19,688,2025,0.57646
174,Serbia,19,688,2030,0.59279
174,Serbia,19,688,2035,0.61315
174,Serbia,19,688,2040,0.63701
174,Serbia,19,688,2045,0.66276
174,Serbia,19,688,2050,0.6877200000000001
175,Slovenia,NA,705,2015,0.53781
175,Slovenia,NA,705,2020,0.55118
175,Slovenia,NA,705,2025,0.56802
175,Slovenia,NA,705,2030,0.58811
175,Slovenia,NA,705,2035,0.61113
175,Slovenia,NA,705,2040,0.63647
175,Slovenia,NA,705,2045,0.66247
175,Slovenia,NA,705,2050,0.68753
176,Spain,20,724,2015,0.7960200000000001
176,Spain,20,724,2020,0.8081
176,Spain,20,724,2025,0.82053
176,Spain,20,724,2030,0.83313
176,Spain,20,724,2035,0.8456999999999999
176,Spain,20,724,2040,0.8579600000000001
176,Spain,20,724,2045,0.86944
176,Spain,20,724,2050,0.8801300000000001
177,TFYR Macedonia,21,807,2015,0.57408
177,TFYR Macedonia,21,807,2020,0.58482
177,TFYR Macedonia,21,807,2025,0.60285
177,TFYR Macedonia,21,807,2030,0.62749
177,TFYR Macedonia,21,807,2035,0.65404
177,TFYR Macedonia,21,807,2040,0.67967
177,TFYR Macedonia,21,807,2045,0.70426
177,TFYR Macedonia,21,807,2050,0.72771
178,Western Europe,NA,926,2015,0.7938277010535925
178,Western Europe,NA,926,2020,0.8020479272000387
178,Western Europe,NA,926,2025,0.8115350408126047
178,Western Europe,NA,926,2030,0.8222539813593186
178,Western Europe,NA,926,2035,0.8340028882668851
178,Western Europe,NA,926,2040,0.8464005526811718
178,Western Europe,NA,926,2045,0.8587422825438092
178,Western Europe,NA,926,2050,0.8702975858427696
179,Austria,NA,40,2015,0.57715
179,Austria,NA,40,2020,0.58748
179,Austria,NA,40,2025,0.60122
179,Austria,NA,40,2030,0.61831
179,Austria,NA,40,2035,0.6384599999999999
179,Austria,NA,40,2040,0.66118
179,Austria,NA,40,2045,0.68542
179,Austria,NA,40,2050,0.7089799999999999
180,Belgium,NA,56,2015,0.9787600000000001
180,Belgium,NA,56,2020,0.9807899999999999
180,Belgium,NA,56,2025,0.98258
180,Belgium,NA,56,2030,0.9841599999999999
180,Belgium,NA,56,2035,0.98555
180,Belgium,NA,56,2040,0.98678
180,Belgium,NA,56,2045,0.98787
180,Belgium,NA,56,2050,0.98887
181,France,NA,250,2015,0.79655
181,France,NA,250,2020,0.80975
181,France,NA,250,2025,0.82312
181,France,NA,250,2030,0.83643
181,France,NA,250,2035,0.84938
181,France,NA,250,2040,0.86153
181,France,NA,250,2045,0.87285
181,France,NA,250,2050,0.88337
182,Germany,NA,276,2015,0.772
182,Germany,NA,276,2020,0.77453
182,Germany,NA,276,2025,0.78037
182,Germany,NA,276,2030,0.78931
182,Germany,NA,276,2035,0.8009999999999999
182,Germany,NA,276,2040,0.81497
182,Germany,NA,276,2045,0.82963
182,Germany,NA,276,2050,0.8433499999999999
183,Liechtenstein,NA,438,2015,0.14303000000000002
183,Liechtenstein,NA,438,2020,0.14416
183,Liechtenstein,NA,438,2025,0.14808
183,Liechtenstein,NA,438,2030,0.15499000000000002
183,Liechtenstein,NA,438,2035,0.16518999999999998
183,Liechtenstein,NA,438,2040,0.17836
183,Liechtenstein,NA,438,2045,0.19248
183,Liechtenstein,NA,438,2050,0.20742999999999998
184,Luxembourg,NA,442,2015,0.90179
184,Luxembourg,NA,442,2020,0.9145300000000001
184,Luxembourg,NA,442,2025,0.9244499999999999
184,Luxembourg,NA,442,2030,0.93211
184,Luxembourg,NA,442,2035,0.93794
184,Luxembourg,NA,442,2040,0.9425199999999999
184,Luxembourg,NA,442,2045,0.94674
184,Luxembourg,NA,442,2050,0.9506600000000001
185,Monaco,NA,492,2015,1
185,Monaco,NA,492,2020,1
185,Monaco,NA,492,2025,1
185,Monaco,NA,492,2030,1
185,Monaco,NA,492,2035,1
185,Monaco,NA,492,2040,1
185,Monaco,NA,492,2045,1
185,Monaco,NA,492,2050,1
186,Netherlands,NA,528,2015,0.90173
186,Netherlands,NA,528,2020,0.9223600000000001
186,Netherlands,NA,528,2025,0.93708
186,Netherlands,NA,528,2030,0.9475100000000001
186,Netherlands,NA,528,2035,0.9548399999999999
186,Netherlands,NA,528,2040,0.95989
186,Netherlands,NA,528,2045,0.96332
186,Netherlands,NA,528,2050,0.96634
187,Switzerland,NA,756,2015,0.7371800000000001
187,Switzerland,NA,756,2020,0.7391500000000001
187,Switzerland,NA,756,2025,0.74466
187,Switzerland,NA,756,2030,0.7536700000000001
187,Switzerland,NA,756,2035,0.76587
187,Switzerland,NA,756,2040,0.78083
187,Switzerland,NA,756,2045,0.79754
187,Switzerland,NA,756,2050,0.8135899999999999
188,LATIN AMERICA AND THE CARIBBEAN,NA,904,2015,0.7991892293775112
188,LATIN AMERICA AND THE CARIBBEAN,NA,904,2020,0.8118116134821911
188,LATIN AMERICA AND THE CARIBBEAN,NA,904,2025,0.8239856501773439
188,LATIN AMERICA AND THE CARIBBEAN,NA,904,2030,0.8357609104425354
188,LATIN AMERICA AND THE CARIBBEAN,NA,904,2035,0.8471576203299946
188,LATIN AMERICA AND THE CARIBBEAN,NA,904,2040,0.858122411544646
188,LATIN AMERICA AND THE CARIBBEAN,NA,904,2045,0.8685796207595092
188,LATIN AMERICA AND THE CARIBBEAN,NA,904,2050,0.8784742792783014
189,Caribbean,NA,915,2015,0.7000619793144759
189,Caribbean,NA,915,2020,0.7218302173733793
189,Caribbean,NA,915,2025,0.7425351331729712
189,Caribbean,NA,915,2030,0.7620319297654867
189,Caribbean,NA,915,2035,0.7801315029709395
189,Caribbean,NA,915,2040,0.7965764724197076
189,Caribbean,NA,915,2045,0.8112989649516668
189,Caribbean,NA,915,2050,0.8252229924555694
190,Anguilla,NA,660,2015,1
190,Anguilla,NA,660,2020,1
190,Anguilla,NA,660,2025,1
190,Anguilla,NA,660,2030,1
190,Anguilla,NA,660,2035,1
190,Anguilla,NA,660,2040,1
190,Anguilla,NA,660,2045,1
190,Anguilla,NA,660,2050,1
191,Antigua and Barbuda,NA,28,2015,0.25
191,Antigua and Barbuda,NA,28,2020,0.24433
191,Antigua and Barbuda,NA,28,2025,0.24362999999999999
191,Antigua and Barbuda,NA,28,2030,0.24786999999999998
191,Antigua and Barbuda,NA,28,2035,0.25722
191,Antigua and Barbuda,NA,28,2040,0.27201000000000003
191,Antigua and Barbuda,NA,28,2045,0.29056
191,Antigua and Barbuda,NA,28,2050,0.30984
192,Aruba,NA,533,2015,0.43107999999999996
192,Aruba,NA,533,2020,0.43697
192,Aruba,NA,533,2025,0.44711
192,Aruba,NA,533,2030,0.46152
192,Aruba,NA,533,2035,0.48021
192,Aruba,NA,533,2040,0.50211
192,Aruba,NA,533,2045,0.52416
192,Aruba,NA,533,2050,0.54613
193,Bahamas,NA,44,2015,0.82746
193,Bahamas,NA,44,2020,0.83245
193,Bahamas,NA,44,2025,0.8391
193,Bahamas,NA,44,2030,0.84722
193,Bahamas,NA,44,2035,0.85661
193,Bahamas,NA,44,2040,0.8664000000000001
193,Bahamas,NA,44,2045,0.87562
193,Bahamas,NA,44,2050,0.88429
194,Barbados,NA,52,2015,0.31249
194,Barbados,NA,52,2020,0.31190999999999997
194,Barbados,NA,52,2025,0.31694
194,Barbados,NA,52,2030,0.32772
194,Barbados,NA,52,2035,0.34450000000000003
194,Barbados,NA,52,2040,0.36524
194,Barbados,NA,52,2045,0.38649
194,Barbados,NA,52,2050,0.40818
195,British Virgin Islands,NA,92,2015,0.46582999999999997
195,British Virgin Islands,NA,92,2020,0.48515
195,British Virgin Islands,NA,92,2025,0.5059899999999999
195,British Virgin Islands,NA,92,2030,0.52787
195,British Virgin Islands,NA,92,2035,0.5497099999999999
195,British Virgin Islands,NA,92,2040,0.57135
195,British Virgin Islands,NA,92,2045,0.59272
195,British Virgin Islands,NA,92,2050,0.61375
196,Caribbean Netherlands,22,535,2015,0.74759
196,Caribbean Netherlands,22,535,2020,0.75048
196,Caribbean Netherlands,22,535,2025,0.75637
196,Caribbean Netherlands,22,535,2030,0.7651
196,Caribbean Netherlands,22,535,2035,0.77643
196,Caribbean Netherlands,22,535,2040,0.7899200000000001
196,Caribbean Netherlands,22,535,2045,0.80341
196,Caribbean Netherlands,22,535,2050,0.81624
197,Cayman Islands,NA,136,2015,1
197,Cayman Islands,NA,136,2020,1
197,Cayman Islands,NA,136,2025,1
197,Cayman Islands,NA,136,2030,1
197,Cayman Islands,NA,136,2035,1
197,Cayman Islands,NA,136,2040,1
197,Cayman Islands,NA,136,2045,1
197,Cayman Islands,NA,136,2050,1
198,Cuba,NA,192,2015,0.76896
198,Cuba,NA,192,2020,0.7719400000000001
198,Cuba,NA,192,2025,0.77803
198,Cuba,NA,192,2030,0.7870199999999999
198,Cuba,NA,192,2035,0.7985899999999999
198,Cuba,NA,192,2040,0.8123
198,Cuba,NA,192,2045,0.8270399999999999
198,Cuba,NA,192,2050,0.8409300000000001
199,Curaçao,NA,531,2015,0.8935200000000001
199,Curaçao,NA,531,2020,0.89062
199,Curaçao,NA,531,2025,0.8905500000000001
199,Curaçao,NA,531,2030,0.8933
199,Curaçao,NA,531,2035,0.8987
199,Curaçao,NA,531,2040,0.90577
199,Curaçao,NA,531,2045,0.9124899999999999
199,Curaçao,NA,531,2050,0.91878
200,Dominica,NA,212,2015,0.6957899999999999
200,Dominica,NA,212,2020,0.7109000000000001
200,Dominica,NA,212,2025,0.72619
200,Dominica,NA,212,2030,0.74155
200,Dominica,NA,212,2035,0.75688
200,Dominica,NA,212,2040,0.77193
200,Dominica,NA,212,2045,0.78633
200,Dominica,NA,212,2050,0.80006
201,Dominican Republic,NA,214,2015,0.78566
201,Dominican Republic,NA,214,2020,0.8254
201,Dominican Republic,NA,214,2025,0.85543
201,Dominican Republic,NA,214,2030,0.87765
201,Dominican Republic,NA,214,2035,0.8938299999999999
201,Dominican Republic,NA,214,2040,0.9053
201,Dominican Republic,NA,214,2045,0.9133100000000001
201,Dominican Republic,NA,214,2050,0.9204000000000001
202,Grenada,NA,308,2015,0.35997
202,Grenada,NA,308,2020,0.36537
202,Grenada,NA,308,2025,0.37491
202,Grenada,NA,308,2030,0.38871
202,Grenada,NA,308,2035,0.40688
202,Grenada,NA,308,2040,0.42847999999999997
202,Grenada,NA,308,2045,0.45052
202,Grenada,NA,308,2050,0.47276
203,Guadeloupe,23,312,2015,0.98443
203,Guadeloupe,23,312,2020,0.9849899999999999
203,Guadeloupe,23,312,2025,0.98574
203,Guadeloupe,23,312,2030,0.98666
203,Guadeloupe,23,312,2035,0.9876600000000001
203,Guadeloupe,23,312,2040,0.9886
203,Guadeloupe,23,312,2045,0.9894700000000001
203,Guadeloupe,23,312,2050,0.99027
204,Haiti,NA,332,2015,0.52427
204,Haiti,NA,332,2020,0.57088
204,Haiti,NA,332,2025,0.61266
204,Haiti,NA,332,2030,0.64923
204,Haiti,NA,332,2035,0.68041
204,Haiti,NA,332,2040,0.7061799999999999
204,Haiti,NA,332,2045,0.7282500000000001
204,Haiti,NA,332,2050,0.74925
205,Jamaica,NA,388,2015,0.54833
205,Jamaica,NA,388,2020,0.56311
205,Jamaica,NA,388,2025,0.5816
205,Jamaica,NA,388,2030,0.60349
205,Jamaica,NA,388,2035,0.62827
205,Jamaica,NA,388,2040,0.65448
205,Jamaica,NA,388,2045,0.6799
205,Jamaica,NA,388,2050,0.70429
206,Martinique,NA,474,2015,0.88981
206,Martinique,NA,474,2020,0.8914
206,Martinique,NA,474,2025,0.8951699999999999
206,Martinique,NA,474,2030,0.9009199999999999
206,Martinique,NA,474,2035,0.9078700000000001
206,Martinique,NA,474,2040,0.91445
206,Martinique,NA,474,2045,0.9206
206,Martinique,NA,474,2050,0.92635
207,Montserrat,NA,500,2015,0.09041
207,Montserrat,NA,500,2020,0.09115000000000001
207,Montserrat,NA,500,2025,0.09381
207,Montserrat,NA,500,2030,0.09851000000000001
207,Montserrat,NA,500,2035,0.10553000000000001
207,Montserrat,NA,500,2040,0.11469
207,Montserrat,NA,500,2045,0.12464
207,Montserrat,NA,500,2050,0.13532
208,Puerto Rico,NA,630,2015,0.93624
208,Puerto Rico,NA,630,2020,0.93581
208,Puerto Rico,NA,630,2025,0.9370099999999999
208,Puerto Rico,NA,630,2030,0.93974
208,Puerto Rico,NA,630,2035,0.94381
208,Puerto Rico,NA,630,2040,0.94842
208,Puerto Rico,NA,630,2045,0.9526600000000001
208,Puerto Rico,NA,630,2050,0.9565699999999999
209,Saint Kitts and Nevis,NA,659,2015,0.30827000000000004
209,Saint Kitts and Nevis,NA,659,2020,0.30843
209,Saint Kitts and Nevis,NA,659,2025,0.31367999999999996
209,Saint Kitts and Nevis,NA,659,2030,0.32415999999999995
209,Saint Kitts and Nevis,NA,659,2035,0.34011
209,Saint Kitts and Nevis,NA,659,2040,0.36051
209,Saint Kitts and Nevis,NA,659,2045,0.38165
209,Saint Kitts and Nevis,NA,659,2050,0.40325000000000005
210,Saint Lucia,NA,662,2015,0.18515
210,Saint Lucia,NA,662,2020,0.18841000000000002
210,Saint Lucia,NA,662,2025,0.19451000000000002
210,Saint Lucia,NA,662,2030,0.20364000000000002
210,Saint Lucia,NA,662,2035,0.21609
210,Saint Lucia,NA,662,2040,0.23181000000000002
210,Saint Lucia,NA,662,2045,0.24871
210,Saint Lucia,NA,662,2050,0.26642
211,Saint Vincent and the Grenadines,NA,670,2015,0.50964
211,Saint Vincent and the Grenadines,NA,670,2020,0.53032
211,Saint Vincent and the Grenadines,NA,670,2025,0.55152
211,Saint Vincent and the Grenadines,NA,670,2030,0.5729299999999999
211,Saint Vincent and the Grenadines,NA,670,2035,0.5941
211,Saint Vincent and the Grenadines,NA,670,2040,0.61493
211,Saint Vincent and the Grenadines,NA,670,2045,0.63534
211,Saint Vincent and the Grenadines,NA,670,2050,0.65527
212,Sint Maarten (Dutch part),NA,534,2015,1
212,Sint Maarten (Dutch part),NA,534,2020,1
212,Sint Maarten (Dutch part),NA,534,2025,1
212,Sint Maarten (Dutch part),NA,534,2030,1
212,Sint Maarten (Dutch part),NA,534,2035,1
212,Sint Maarten (Dutch part),NA,534,2040,1
212,Sint Maarten (Dutch part),NA,534,2045,1
212,Sint Maarten (Dutch part),NA,534,2050,1
213,Trinidad and Tobago,NA,780,2015,0.53319
213,Trinidad and Tobago,NA,780,2020,0.53214
213,Trinidad and Tobago,NA,780,2025,0.5370900000000001
213,Trinidad and Tobago,NA,780,2030,0.5479999999999999
213,Trinidad and Tobago,NA,780,2035,0.56477
213,Trinidad and Tobago,NA,780,2040,0.58577
213,Trinidad and Tobago,NA,780,2045,0.60668
213,Trinidad and Tobago,NA,780,2050,0.6272099999999999
214,Turks and Caicos Islands,NA,796,2015,0.9219499999999999
214,Turks and Caicos Islands,NA,796,2020,0.93605
214,Turks and Caicos Islands,NA,796,2025,0.9460599999999999
214,Turks and Caicos Islands,NA,796,2030,0.9531100000000001
214,Turks and Caicos Islands,NA,796,2035,0.95795
214,Turks and Caicos Islands,NA,796,2040,0.96122
214,Turks and Caicos Islands,NA,796,2045,0.96411
214,Turks and Caicos Islands,NA,796,2050,0.96679
215,United States Virgin Islands,NA,850,2015,0.9534999999999999
215,United States Virgin Islands,NA,850,2020,0.95939
215,United States Virgin Islands,NA,850,2025,0.9639700000000001
215,United States Virgin Islands,NA,850,2030,0.9675199999999999
215,United States Virgin Islands,NA,850,2035,0.9702500000000001
215,United States Virgin Islands,NA,850,2040,0.97248
215,United States Virgin Islands,NA,850,2045,0.97455
215,United States Virgin Islands,NA,850,2050,0.97646
216,Central America,NA,916,2015,0.7374183834181722
216,Central America,NA,916,2020,0.753650983140171
216,Central America,NA,916,2025,0.7694504888353115
216,Central America,NA,916,2030,0.7848187082660282
216,Central America,NA,916,2035,0.7997422786757924
216,Central America,NA,916,2040,0.8140394296644529
216,Central America,NA,916,2045,0.8276229569002083
216,Central America,NA,916,2050,0.8404942573897992
217,Belize,NA,84,2015,0.45405999999999996
217,Belize,NA,84,2020,0.46025
217,Belize,NA,84,2025,0.47085
217,Belize,NA,84,2030,0.48588000000000003
217,Belize,NA,84,2035,0.50529
217,Belize,NA,84,2040,0.52725
217,Belize,NA,84,2045,0.54911
217,Belize,NA,84,2050,0.57077
218,Costa Rica,NA,188,2015,0.76862
218,Costa Rica,NA,188,2020,0.80771
218,Costa Rica,NA,188,2025,0.83679
218,Costa Rica,NA,188,2030,0.85788
218,Costa Rica,NA,188,2035,0.87259
218,Costa Rica,NA,188,2040,0.88302
218,Costa Rica,NA,188,2045,0.89255
218,Costa Rica,NA,188,2050,0.9014
219,El Salvador,NA,222,2015,0.6970000000000001
219,El Salvador,NA,222,2020,0.73444
219,El Salvador,NA,222,2025,0.7657599999999999
219,El Salvador,NA,222,2030,0.7915300000000001
219,El Salvador,NA,222,2035,0.81235
219,El Salvador,NA,222,2040,0.8288
219,El Salvador,NA,222,2045,0.8424299999999999
219,El Salvador,NA,222,2050,0.85517
220,Guatemala,NA,320,2015,0.49971
220,Guatemala,NA,320,2020,0.5183599999999999
220,Guatemala,NA,320,2025,0.53996
220,Guatemala,NA,320,2030,0.56423
220,Guatemala,NA,320,2035,0.59073
220,Guatemala,NA,320,2040,0.61846
220,Guatemala,NA,320,2045,0.64566
220,Guatemala,NA,320,2050,0.6719499999999999
221,Honduras,NA,340,2015,0.55165
221,Honduras,NA,340,2020,0.58359
221,Honduras,NA,340,2025,0.61417
221,Honduras,NA,340,2030,0.64307
221,Honduras,NA,340,2035,0.66998
221,Honduras,NA,340,2040,0.69451
221,Honduras,NA,340,2045,0.71737
221,Honduras,NA,340,2050,0.7391599999999999
222,Mexico,NA,484,2015,0.7928499999999999
222,Mexico,NA,484,2020,0.80731
222,Mexico,NA,484,2025,0.8214
222,Mexico,NA,484,2030,0.83501
222,Mexico,NA,484,2035,0.84799
222,Mexico,NA,484,2040,0.8601800000000001
222,Mexico,NA,484,2045,0.87153
222,Mexico,NA,484,2050,0.88209
223,Nicaragua,NA,558,2015,0.5789500000000001
223,Nicaragua,NA,558,2020,0.59012
223,Nicaragua,NA,558,2025,0.60475
223,Nicaragua,NA,558,2030,0.62263
223,Nicaragua,NA,558,2035,0.6434099999999999
223,Nicaragua,NA,558,2040,0.6665800000000001
223,Nicaragua,NA,558,2045,0.6907899999999999
223,Nicaragua,NA,558,2050,0.71411
224,Panama,NA,591,2015,0.66696
224,Panama,NA,591,2020,0.68414
224,Panama,NA,591,2025,0.70268
224,Panama,NA,591,2030,0.72223
224,Panama,NA,591,2035,0.74234
224,Panama,NA,591,2040,0.76209
224,Panama,NA,591,2045,0.78079
224,Panama,NA,591,2050,0.7984
225,South America,NA,931,2015,0.8351058537284246
225,South America,NA,931,2020,0.8456201882039918
225,South America,NA,931,2025,0.8557168429223782
225,South America,NA,931,2030,0.8654642657426475
225,South America,NA,931,2035,0.8749050826104697
225,South America,NA,931,2040,0.8840713781434372
225,South America,NA,931,2045,0.8928961246243121
225,South America,NA,931,2050,0.901202534390017
226,Argentina,NA,32,2015,0.91503
226,Argentina,NA,32,2020,0.9211100000000001
226,Argentina,NA,32,2025,0.92693
226,Argentina,NA,32,2030,0.9324899999999999
226,Argentina,NA,32,2035,0.93777
226,Argentina,NA,32,2040,0.9427599999999999
226,Argentina,NA,32,2045,0.94744
226,Argentina,NA,32,2050,0.95176
227,Bolivia (Plurinational State of),NA,68,2015,0.68393
227,Bolivia (Plurinational State of),NA,68,2020,0.70123
227,Bolivia (Plurinational State of),NA,68,2025,0.71905
227,Bolivia (Plurinational State of),NA,68,2030,0.73721
227,Bolivia (Plurinational State of),NA,68,2035,0.75548
227,Bolivia (Plurinational State of),NA,68,2040,0.77357
227,Bolivia (Plurinational State of),NA,68,2045,0.7910699999999999
227,Bolivia (Plurinational State of),NA,68,2050,0.8076000000000001
228,Brazil,NA,76,2015,0.8576999999999999
228,Brazil,NA,76,2020,0.8707299999999999
228,Brazil,NA,76,2025,0.8823799999999999
228,Brazil,NA,76,2030,0.89278
228,Brazil,NA,76,2035,0.90201
228,Brazil,NA,76,2040,0.9101699999999999
228,Brazil,NA,76,2045,0.9174800000000001
228,Brazil,NA,76,2050,0.92426
229,Chile,NA,152,2015,0.8736
229,Chile,NA,152,2020,0.87727
229,Chile,NA,152,2025,0.88226
229,Chile,NA,152,2030,0.88839
229,Chile,NA,152,2035,0.89547
229,Chile,NA,152,2040,0.90327
229,Chile,NA,152,2045,0.91113
229,Chile,NA,152,2050,0.91842
230,Colombia,NA,170,2015,0.7976399999999999
230,Colombia,NA,170,2020,0.8142499999999999
230,Colombia,NA,170,2025,0.8294499999999999
230,Colombia,NA,170,2030,0.8432299999999999
230,Colombia,NA,170,2035,0.85577
230,Colombia,NA,170,2040,0.86748
230,Colombia,NA,170,2045,0.87836
230,Colombia,NA,170,2050,0.88847
231,Ecuador,NA,218,2015,0.63398
231,Ecuador,NA,218,2020,0.64166
231,Ecuador,NA,218,2025,0.6528
231,Ecuador,NA,218,2030,0.66732
231,Ecuador,NA,218,2035,0.6849
231,Ecuador,NA,218,2040,0.70505
231,Ecuador,NA,218,2045,0.72675
231,Ecuador,NA,218,2050,0.74772
232,Falkland Islands (Malvinas),24,238,2015,0.76268
232,Falkland Islands (Malvinas),24,238,2020,0.78508
232,Falkland Islands (Malvinas),24,238,2025,0.80414
232,Falkland Islands (Malvinas),24,238,2030,0.82023
232,Falkland Islands (Malvinas),24,238,2035,0.83369
232,Falkland Islands (Malvinas),24,238,2040,0.8449899999999999
232,Falkland Islands (Malvinas),24,238,2045,0.85548
232,Falkland Islands (Malvinas),24,238,2050,0.8653700000000001
233,French Guiana,NA,254,2015,0.84482
233,French Guiana,NA,254,2020,0.8582
233,French Guiana,NA,254,2025,0.86964
233,French Guiana,NA,254,2030,0.87937
233,French Guiana,NA,254,2035,0.8878100000000001
233,French Guiana,NA,254,2040,0.89569
233,French Guiana,NA,254,2045,0.9030800000000001
233,French Guiana,NA,254,2050,0.91
234,Guyana,NA,328,2015,0.26441
234,Guyana,NA,328,2020,0.26786
234,Guyana,NA,328,2025,0.27484000000000003
234,Guyana,NA,328,2030,0.28552
234,Guyana,NA,328,2035,0.30010000000000003
234,Guyana,NA,328,2040,0.3187
234,Guyana,NA,328,2045,0.33881
234,Guyana,NA,328,2050,0.35952
235,Paraguay,NA,600,2015,0.6075
235,Paraguay,NA,600,2020,0.62183
235,Paraguay,NA,600,2025,0.6383800000000001
235,Paraguay,NA,600,2030,0.6570199999999999
235,Paraguay,NA,600,2035,0.67741
235,Paraguay,NA,600,2040,0.6990999999999999
235,Paraguay,NA,600,2045,0.7212900000000001
235,Paraguay,NA,600,2050,0.7426200000000001
236,Peru,NA,604,2015,0.77357
236,Peru,NA,604,2020,0.7829699999999999
236,Peru,NA,604,2025,0.79362
236,Peru,NA,604,2030,0.80537
236,Peru,NA,604,2035,0.81797
236,Peru,NA,604,2040,0.83114
236,Peru,NA,604,2045,0.84443
236,Peru,NA,604,2050,0.85697
237,Suriname,NA,740,2015,0.6605599999999999
237,Suriname,NA,740,2020,0.66149
237,Suriname,NA,740,2025,0.66672
237,Suriname,NA,740,2030,0.6761499999999999
237,Suriname,NA,740,2035,0.6895699999999999
237,Suriname,NA,740,2040,0.70647
237,Suriname,NA,740,2045,0.7237300000000001
237,Suriname,NA,740,2050,0.7403400000000001
238,Uruguay,NA,858,2015,0.95045
238,Uruguay,NA,858,2020,0.95515
238,Uruguay,NA,858,2025,0.95931
238,Uruguay,NA,858,2030,0.9629800000000001
238,Uruguay,NA,858,2035,0.96623
238,Uruguay,NA,858,2040,0.96911
238,Uruguay,NA,858,2045,0.97165
238,Uruguay,NA,858,2050,0.97399
239,Venezuela (Bolivarian Republic of),NA,862,2015,0.88154
239,Venezuela (Bolivarian Republic of),NA,862,2020,0.88279
239,Venezuela (Bolivarian Republic of),NA,862,2025,0.88578
239,Venezuela (Bolivarian Republic of),NA,862,2030,0.8904000000000001
239,Venezuela (Bolivarian Republic of),NA,862,2035,0.89645
239,Venezuela (Bolivarian Republic of),NA,862,2040,0.9036799999999999
239,Venezuela (Bolivarian Republic of),NA,862,2045,0.91145
239,Venezuela (Bolivarian Republic of),NA,862,2050,0.9187000000000001
240,NORTHERN AMERICA,NA,905,2015,0.8163301415027219
240,NORTHERN AMERICA,NA,905,2020,0.8255563150876658
240,NORTHERN AMERICA,NA,905,2025,0.8357074545175164
240,NORTHERN AMERICA,NA,905,2030,0.8465742814653747
240,NORTHERN AMERICA,NA,905,2035,0.857905420717837
240,NORTHERN AMERICA,NA,905,2040,0.869150039242825
240,NORTHERN AMERICA,NA,905,2045,0.8797713159122522
240,NORTHERN AMERICA,NA,905,2050,0.8896481565097002
241,Bermuda,NA,60,2015,1
241,Bermuda,NA,60,2020,1
241,Bermuda,NA,60,2025,1
241,Bermuda,NA,60,2030,1
241,Bermuda,NA,60,2035,1
241,Bermuda,NA,60,2040,1
241,Bermuda,NA,60,2045,1
241,Bermuda,NA,60,2050,1
242,Canada,NA,124,2015,0.81259
242,Canada,NA,124,2020,0.81562
242,Canada,NA,124,2025,0.82108
242,Canada,NA,124,2030,0.82878
242,Canada,NA,124,2035,0.83843
242,Canada,NA,124,2040,0.84968
242,Canada,NA,124,2045,0.86164
242,Canada,NA,124,2050,0.87286
243,Greenland,NA,304,2015,0.86071
243,Greenland,NA,304,2020,0.8728199999999999
243,Greenland,NA,304,2025,0.8835299999999999
243,Greenland,NA,304,2030,0.89298
243,Greenland,NA,304,2035,0.90131000000000006
243,Greenland,NA,304,2040,0.90864
243,Greenland,NA,304,2045,0.91518
243,Greenland,NA,304,2050,0.9212699999999999
244,Saint Pierre and Miquelon,NA,666,2015,0.89889
244,Saint Pierre and Miquelon,NA,666,2020,0.8996200000000001
244,Saint Pierre and Miquelon,NA,666,2025,0.9017700000000001
244,Saint Pierre and Miquelon,NA,666,2030,0.90526
244,Saint Pierre and Miquelon,NA,666,2035,0.90994
244,Saint Pierre and Miquelon,NA,666,2040,0.9156399999999999
244,Saint Pierre and Miquelon,NA,666,2045,0.9217
244,Saint Pierre and Miquelon,NA,666,2050,0.9273600000000001
245,United States of America,NA,840,2015,0.81671
245,United States of America,NA,840,2020,0.82664
245,United States of America,NA,840,2025,0.83734
245,United States of America,NA,840,2030,0.84858
245,United States of America,NA,840,2035,0.8601099999999999
245,United States of America,NA,840,2040,0.8713599999999999
245,United States of America,NA,840,2045,0.88184
245,United States of America,NA,840,2050,0.89156
246,OCEANIA,NA,909,2015,0.6812230641190928
246,OCEANIA,NA,909,2020,0.6823170764652494
246,OCEANIA,NA,909,2025,0.6846251964075649
246,OCEANIA,NA,909,2030,0.6885282031501923
246,OCEANIA,NA,909,2035,0.6941549156329775
246,OCEANIA,NA,909,2040,0.7017861677426127
246,OCEANIA,NA,909,2045,0.7107696283993786
246,OCEANIA,NA,909,2050,0.7205739419627879
247,Australia/New Zealand,NA,927,2015,0.8580512244489423
247,Australia/New Zealand,NA,927,2020,0.8631448366807523
247,Australia/New Zealand,NA,927,2025,0.8693700058602589
247,Australia/New Zealand,NA,927,2030,0.8765615243672649
247,Australia/New Zealand,NA,927,2035,0.8845282813190752
247,Australia/New Zealand,NA,927,2040,0.8930521962324067
247,Australia/New Zealand,NA,927,2045,0.9016809647790041
247,Australia/New Zealand,NA,927,2050,0.9097175758468841
248,Australia,25,36,2015,0.8570099999999999
248,Australia,25,36,2020,0.86241
248,Australia,25,36,2025,0.86887
248,Australia,25,36,2030,0.8762300000000001
248,Australia,25,36,2035,0.8843000000000001
248,Australia,25,36,2040,0.89288
248,Australia,25,36,2045,0.90153
248,Australia,25,36,2050,0.9095799999999999
249,New Zealand,NA,554,2015,0.8634099999999999
249,New Zealand,NA,554,2020,0.8669899999999999
249,New Zealand,NA,554,2025,0.8720300000000001
249,New Zealand,NA,554,2030,0.87835
249,New Zealand,NA,554,2035,0.8857599999999999
249,New Zealand,NA,554,2040,0.89401
249,New Zealand,NA,554,2045,0.90256
249,New Zealand,NA,554,2050,0.9105200000000001
250,Melanesia,NA,928,2015,0.19156853566089307
250,Melanesia,NA,928,2020,0.195977278389958
250,Melanesia,NA,928,2025,0.20317144897701972
250,Melanesia,NA,928,2030,0.21366381857516076
250,Melanesia,NA,928,2035,0.2281212896233709
250,Melanesia,NA,928,2040,0.2469177024040353
250,Melanesia,NA,928,2045,0.26804156114648175
250,Melanesia,NA,928,2050,0.2911367782882086
251,Fiji,NA,242,2015,0.54726
251,Fiji,NA,242,2020,0.57247
251,Fiji,NA,242,2025,0.59666
251,Fiji,NA,242,2030,0.61965
251,Fiji,NA,242,2035,0.6413500000000001
251,Fiji,NA,242,2040,0.66172
251,Fiji,NA,242,2045,0.68072
251,Fiji,NA,242,2050,0.69894
252,New Caledonia,NA,540,2015,0.69379
252,New Caledonia,NA,540,2020,0.71518
252,New Caledonia,NA,540,2025,0.7348600000000001
252,New Caledonia,NA,540,2030,0.7528900000000001
252,New Caledonia,NA,540,2035,0.76934
252,New Caledonia,NA,540,2040,0.7842600000000001
252,New Caledonia,NA,540,2045,0.7980200000000001
252,New Caledonia,NA,540,2050,0.81111
253,Papua New Guinea,NA,598,2015,0.13012
253,Papua New Guinea,NA,598,2020,0.13345
253,Papua New Guinea,NA,598,2025,0.14054
253,Papua New Guinea,NA,598,2030,0.15185
253,Papua New Guinea,NA,598,2035,0.16806000000000001
253,Papua New Guinea,NA,598,2040,0.1895
253,Papua New Guinea,NA,598,2045,0.21355000000000002
253,Papua New Guinea,NA,598,2050,0.23974
254,Solomon Islands,NA,90,2015,0.2236
254,Solomon Islands,NA,90,2020,0.24670000000000003
254,Solomon Islands,NA,90,2025,0.26935
254,Solomon Islands,NA,90,2030,0.29116
254,Solomon Islands,NA,90,2035,0.31171
254,Solomon Islands,NA,90,2040,0.33159999999999995
254,Solomon Islands,NA,90,2045,0.3521
254,Solomon Islands,NA,90,2050,0.37316000000000005
255,Vanuatu,NA,548,2015,0.24961
255,Vanuatu,NA,548,2020,0.25525
255,Vanuatu,NA,548,2025,0.26329
255,Vanuatu,NA,548,2030,0.27397
255,Vanuatu,NA,548,2035,0.28746
255,Vanuatu,NA,548,2040,0.30394
255,Vanuatu,NA,548,2045,0.32323999999999997
255,Vanuatu,NA,548,2050,0.3435
256,Micronesia,NA,954,2015,0.6793514388385247
256,Micronesia,NA,954,2020,0.6921676918443406
256,Micronesia,NA,954,2025,0.7038315058544274
256,Micronesia,NA,954,2030,0.7146992864424058
256,Micronesia,NA,954,2035,0.7255933822336763
256,Micronesia,NA,954,2040,0.7360543612018227
256,Micronesia,NA,954,2045,0.7457154077677589
256,Micronesia,NA,954,2050,0.7550500701790213
257,Guam,NA,316,2015,0.9453400000000001
257,Guam,NA,316,2020,0.94938
257,Guam,NA,316,2025,0.95313
257,Guam,NA,316,2030,0.9566
257,Guam,NA,316,2035,0.9598300000000001
257,Guam,NA,316,2040,0.96281
257,Guam,NA,316,2045,0.96559
257,Guam,NA,316,2050,0.96816
258,Kiribati,NA,296,2015,0.51619
258,Kiribati,NA,296,2020,0.55594
258,Kiribati,NA,296,2025,0.5911500000000001
258,Kiribati,NA,296,2030,0.62169
258,Kiribati,NA,296,2035,0.6476099999999999
258,Kiribati,NA,296,2040,0.66905
258,Kiribati,NA,296,2045,0.6876399999999999
258,Kiribati,NA,296,2050,0.70565
259,Marshall Islands,NA,584,2015,0.7581100000000001
259,Marshall Islands,NA,584,2020,0.77794
259,Marshall Islands,NA,584,2025,0.79539
259,Marshall Islands,NA,584,2030,0.81065
259,Marshall Islands,NA,584,2035,0.82392
259,Marshall Islands,NA,584,2040,0.83563
259,Marshall Islands,NA,584,2045,0.84666
259,Marshall Islands,NA,584,2050,0.85708
260,Micronesia (Fed. States of),NA,583,2015,0.22455999999999998
260,Micronesia (Fed. States of),NA,583,2020,0.22933
260,Micronesia (Fed. States of),NA,583,2025,0.23743999999999998
260,Micronesia (Fed. States of),NA,583,2030,0.24911000000000003
260,Micronesia (Fed. States of),NA,583,2035,0.26463000000000003
260,Micronesia (Fed. States of),NA,583,2040,0.2829
260,Micronesia (Fed. States of),NA,583,2045,0.30191
260,Micronesia (Fed. States of),NA,583,2050,0.32162999999999997
261,Nauru,NA,520,2015,1
261,Nauru,NA,520,2020,1
261,Nauru,NA,520,2025,1
261,Nauru,NA,520,2030,1
261,Nauru,NA,520,2035,1
261,Nauru,NA,520,2040,1
261,Nauru,NA,520,2045,1
261,Nauru,NA,520,2050,1
262,Northern Mariana Islands,NA,580,2015,0.91357
262,Northern Mariana Islands,NA,580,2020,0.91798
262,Northern Mariana Islands,NA,580,2025,0.92266
262,Northern Mariana Islands,NA,580,2030,0.92754
262,Northern Mariana Islands,NA,580,2035,0.93255
262,Northern Mariana Islands,NA,580,2040,0.93746
262,Northern Mariana Islands,NA,580,2045,0.94203
262,Northern Mariana Islands,NA,580,2050,0.9462900000000001
263,Palau,NA,585,2015,0.78159
263,Palau,NA,585,2020,0.80988
263,Palau,NA,585,2025,0.8325199999999999
263,Palau,NA,585,2030,0.85043
263,Palau,NA,585,2035,0.8643899999999999
263,Palau,NA,585,2040,0.87504
263,Palau,NA,585,2045,0.88371
263,Palau,NA,585,2050,0.8918600000000001
264,Polynesia,NA,957,2015,0.4453481138446126
264,Polynesia,NA,957,2020,0.4443530205304519
264,Polynesia,NA,957,2025,0.4453907585963558
264,Polynesia,NA,957,2030,0.4503845910207735
264,Polynesia,NA,957,2035,0.45713001460838293
264,Polynesia,NA,957,2040,0.4666173636551099
264,Polynesia,NA,957,2045,0.47924821167660075
264,Polynesia,NA,957,2050,0.49288740212331783
265,American Samoa,NA,16,2015,0.87238
265,American Samoa,NA,16,2020,0.87153
265,American Samoa,NA,16,2025,0.87344
265,American Samoa,NA,16,2030,0.87802
265,American Samoa,NA,16,2035,0.885
265,American Samoa,NA,16,2040,0.8930500000000001
265,American Samoa,NA,16,2045,0.9006000000000001
265,American Samoa,NA,16,2050,0.90767
266,Cook Islands,NA,184,2015,0.7440399999999999
266,Cook Islands,NA,184,2020,0.75495
266,Cook Islands,NA,184,2025,0.7664300000000001
266,Cook Islands,NA,184,2030,0.77842
266,Cook Islands,NA,184,2035,0.7908
266,Cook Islands,NA,184,2040,0.8034399999999999
266,Cook Islands,NA,184,2045,0.81612
266,Cook Islands,NA,184,2050,0.82824
267,French Polynesia,NA,258,2015,0.61683
267,French Polynesia,NA,258,2020,0.61975
267,French Polynesia,NA,258,2025,0.62564
267,French Polynesia,NA,258,2030,0.63487
267,French Polynesia,NA,258,2035,0.64729
267,French Polynesia,NA,258,2040,0.6627200000000001
267,French Polynesia,NA,258,2045,0.6807599999999999
267,French Polynesia,NA,258,2050,0.6989799999999999
268,Niue,NA,570,2015,0.42568
268,Niue,NA,570,2020,0.46202
268,Niue,NA,570,2025,0.4951
268,Niue,NA,570,2030,0.52452
268,Niue,NA,570,2035,0.5500200000000001
268,Niue,NA,570,2040,0.57192
268,Niue,NA,570,2045,0.59309
268,Niue,NA,570,2050,0.61392
269,Samoa,NA,882,2015,0.18914
269,Samoa,NA,882,2020,0.17889
269,Samoa,NA,882,2025,0.17352
269,Samoa,NA,882,2030,0.17288
269,Samoa,NA,882,2035,0.17695
269,Samoa,NA,882,2040,0.18597000000000002
269,Samoa,NA,882,2045,0.19986
269,Samoa,NA,882,2050,0.21516
270,Tokelau,NA,772,2015,0
270,Tokelau,NA,772,2020,0
270,Tokelau,NA,772,2025,0
270,Tokelau,NA,772,2030,0
270,Tokelau,NA,772,2035,0
270,Tokelau,NA,772,2040,0
270,Tokelau,NA,772,2045,0
270,Tokelau,NA,772,2050,0
271,Tonga,NA,776,2015,0.23274999999999998
271,Tonga,NA,776,2020,0.23099
271,Tonga,NA,776,2025,0.23274999999999998
271,Tonga,NA,776,2030,0.23824
271,Tonga,NA,776,2035,0.24764
271,Tonga,NA,776,2040,0.26122
271,Tonga,NA,776,2045,0.27884
271,Tonga,NA,776,2050,0.29768
272,Tuvalu,NA,798,2015,0.5972999999999999
272,Tuvalu,NA,798,2020,0.6401399999999999
272,Tuvalu,NA,798,2025,0.6758700000000001
272,Tuvalu,NA,798,2030,0.70488
272,Tuvalu,NA,798,2035,0.72773
272,Tuvalu,NA,798,2040,0.74515
272,Tuvalu,NA,798,2045,0.76079
272,Tuvalu,NA,798,2050,0.77575
273,Wallis and Futuna Islands,NA,876,2015,0
273,Wallis and Futuna Islands,NA,876,2020,0
273,Wallis and Futuna Islands,NA,876,2025,0
273,Wallis and Futuna Islands,NA,876,2030,0
273,Wallis and Futuna Islands,NA,876,2035,0
273,Wallis and Futuna Islands,NA,876,2040,0
273,Wallis and Futuna Islands,NA,876,2045,0
273,Wallis and Futuna Islands,NA,876,2050,0
